[
  {
    "user": {
      "type": "player",
      "name": "DennisMC12",
      "uniqueId": "f40cfec9-3071-3ff0-9397-154864016faf"
    },
    "time": 1726440549279,
    "type": "Profiler (live)",
    "data": {
      "type": "url",
      "value": "https://spark.lucko.me/rtbCMPzir1"
    }
  },
  {
    "user": {
      "type": "player",
      "name": "DennisMC12",
      "uniqueId": "f40cfec9-3071-3ff0-9397-154864016faf"
    },
    "time": 1726440372676,
    "type": "Profiler (live)",
    "data": {
      "type": "url",
      "value": "https://spark.lucko.me/NFXy02QAka"
    }
  }
]