{"stats":{"minecraft:mined":{"minecraft:cherry_planks":5,"minecraft:cherry_log":1,"minecraft:short_grass":12},"minecraft:custom":{"minecraft:time_since_rest":965,"minecraft:interact_with_furnace":2,"minecraft:sprint_one_cm":48060,"minecraft:damage_taken":1853,"minecraft:walk_one_cm":51611,"minecraft:damage_absorbed":280,"minecraft:damage_blocked_by_shield":810,"minecraft:drop":6,"minecraft:damage_dealt":1133,"minecraft:player_kills":1,"minecraft:swim_one_cm":3885,"minecraft:damage_dealt_absorbed":290,"minecraft:interact_with_crafting_table":1,"minecraft:talked_to_villager":14,"minecraft:fly_one_cm":68903,"minecraft:open_chest":25,"minecraft:crouch_one_cm":267,"minecraft:play_time":18761,"minecraft:deaths":4,"minecraft:sneak_time":167,"minecraft:walk_under_water_one_cm":1433,"minecraft:jump":428,"minecraft:leave_game":1,"minecraft:walk_on_water_one_cm":1059,"minecraft:time_since_death":963,"minecraft:total_world_time":18761,"minecraft:fall_one_cm":4549},"minecraft:crafted":{"minecraft:golden_apple":6},"minecraft:dropped":{"minecraft:diamond_chestplate":1,"minecraft:diamond_leggings":1,"minecraft:cherry_planks":2,"minecraft:diamond_helmet":1,"minecraft:diamond_boots":1},"minecraft:picked_up":{"minecraft:cherry_planks":7,"minecraft:cherry_log":1,"minecraft:yellow_bed":1,"minecraft:diamond_chestplate":1,"minecraft:diamond_leggings":1,"minecraft:wheat_seeds":2,"minecraft:diamond_boots":1,"minecraft:golden_apple":11,"minecraft:diamond_helmet":1},"minecraft:used":{"minecraft:shield":6,"minecraft:cherry_planks":5,"minecraft:diamond_axe":41,"minecraft:golden_apple":7,"minecraft:red_bed":2,"minecraft:cooked_porkchop":3,"minecraft:yellow_bed":1,"minecraft:cherry_log":1},"minecraft:killed_by":{"minecraft:player":4}},"DataVersion":3955}