{"stats":{"minecraft:picked_up":{"minecraft:crafting_table":4,"minecraft:wheat":10,"minecraft:chicken":3,"minecraft:ladder":3,"minecraft:diamond_sword":1,"minecraft:wooden_pickaxe":1,"minecraft:oak_stairs":166,"minecraft:stripped_cherry_log":8,"minecraft:shield":1,"minecraft:string":2,"minecraft:wooden_sword":1,"minecraft:flint_and_steel":1,"minecraft:iron_shovel":1,"minecraft:beetroot":12,"minecraft:diamond_leggings":4,"minecraft:smooth_stone":1,"minecraft:jungle_sapling":81,"minecraft:iron_pickaxe":2,"minecraft:sugar_cane":5,"minecraft:chest":1,"minecraft:furnace":3,"minecraft:stick":44,"minecraft:raw_iron":10,"minecraft:cherry_stairs":19,"minecraft:oak_door":6,"minecraft:composter":2,"minecraft:oak_fence":21,"minecraft:torch":94,"minecraft:porkchop":21,"minecraft:cherry_log":265,"minecraft:pointed_dripstone":2,"minecraft:carrot":54,"minecraft:stone_sword":2,"minecraft:rotten_flesh":7,"minecraft:diamond_chestplate":2,"minecraft:light_blue_wool":16,"minecraft:beetroot_seeds":46,"minecraft:shears":1,"minecraft:diamond_boots":2,"minecraft:gold_ingot":64,"minecraft:mutton":7,"minecraft:white_wool":18,"minecraft:cobblestone":210,"minecraft:stripped_oak_log":42,"minecraft:pink_petals":6,"minecraft:leather_chestplate":2,"minecraft:feather":4,"minecraft:cherry_planks":370,"minecraft:salmon":1,"minecraft:water_bucket":1,"minecraft:jungle_log":378,"minecraft:leather":3,"minecraft:potato":22,"minecraft:oak_log":151,"minecraft:cherry_fence":1,"minecraft:yellow_bed":1,"minecraft:cobblestone_wall":2,"minecraft:cobblestone_stairs":2,"minecraft:cherry_door":2,"minecraft:dirt":400,"minecraft:lantern":29,"minecraft:apple":33,"minecraft:wheat_seeds":42,"minecraft:iron_ingot":8,"minecraft:stone_pickaxe":2,"minecraft:diamond_helmet":3,"minecraft:oak_planks":809,"minecraft:book":2,"minecraft:oak_slab":9,"minecraft:cooked_porkchop":23,"minecraft:oak_pressure_plate":1,"minecraft:dandelion":2,"minecraft:dripstone_block":4,"minecraft:sand":83,"minecraft:jungle_planks":54,"minecraft:green_carpet":2,"minecraft:spider_eye":1,"minecraft:mossy_cobblestone":14,"minecraft:diamond_shovel":3,"minecraft:diamond":1,"minecraft:diamond_axe":6,"minecraft:cherry_sapling":47,"minecraft:golden_apple":8,"minecraft:cherry_slab":97,"minecraft:coal":19,"minecraft:diamond_pickaxe":3,"minecraft:sunflower":8},"minecraft:mined":{"minecraft:mossy_cobblestone":12,"minecraft:oak_door":3,"minecraft:cherry_log":77,"minecraft:cobblestone_stairs":2,"minecraft:stripped_cherry_log":10,"minecraft:grass_block":78,"minecraft:smooth_stone":1,"minecraft:furnace":2,"minecraft:carrots":20,"minecraft:iron_ore":8,"minecraft:potatoes":9,"minecraft:dirt_path":143,"minecraft:oak_stairs":211,"minecraft:lantern":5,"minecraft:stripped_oak_log":39,"minecraft:green_carpet":1,"minecraft:stone":20,"minecraft:cherry_stairs":24,"minecraft:white_wool":7,"minecraft:oak_slab":20,"minecraft:cherry_planks":115,"minecraft:dandelion":1,"minecraft:oak_fence":24,"minecraft:crafting_table":4,"minecraft:torch":13,"minecraft:short_grass":68,"minecraft:chest":1,"minecraft:cobblestone":181,"minecraft:tall_grass":6,"minecraft:sugar_cane":2,"minecraft:oak_planks":648,"minecraft:wall_torch":7,"minecraft:cherry_slab":30,"minecraft:pink_petals":4,"minecraft:cherry_fence":1,"minecraft:cobblestone_wall":2,"minecraft:wheat":12,"minecraft:cherry_door":1,"minecraft:stripped_oak_wood":2,"minecraft:yellow_bed":2,"minecraft:coal_ore":19,"minecraft:oak_log":136,"minecraft:beetroots":13,"minecraft:cherry_leaves":26,"minecraft:gravel":2,"minecraft:sand":119,"minecraft:dirt":65},"minecraft:dropped":{"minecraft:wheat_seeds":5,"minecraft:diamond_axe":1,"minecraft:oak_log":20,"minecraft:mossy_cobblestone":5,"minecraft:dripstone_block":2,"minecraft:cooked_porkchop":24,"minecraft:diamond_leggings":2,"minecraft:book":2,"minecraft:dirt":136,"minecraft:diamond_helmet":1,"minecraft:pink_petals":1,"minecraft:pointed_dripstone":1,"minecraft:oak_planks":96,"minecraft:cherry_slab":62,"minecraft:shears":1,"minecraft:diamond_pickaxe":1,"minecraft:beetroot_seeds":6,"minecraft:oak_sapling":2},"minecraft:custom":{"minecraft:mob_kills":24,"minecraft:animals_bred":1,"minecraft:interact_with_crafting_table":18,"minecraft:bell_ring":1,"minecraft:leave_game":5,"minecraft:time_since_death":279321,"minecraft:climb_one_cm":3599,"minecraft:sprint_one_cm":662979,"minecraft:walk_one_cm":835810,"minecraft:damage_blocked_by_shield":1305,"minecraft:drop":29,"minecraft:talked_to_villager":3,"minecraft:play_time":398249,"minecraft:deaths":7,"minecraft:sneak_time":43491,"minecraft:walk_under_water_one_cm":22960,"minecraft:jump":3382,"minecraft:walk_on_water_one_cm":59425,"minecraft:total_world_time":398249,"minecraft:interact_with_furnace":12,"minecraft:sleep_in_bed":1,"minecraft:time_since_rest":39072,"minecraft:damage_taken":4205,"minecraft:damage_absorbed":218,"minecraft:damage_dealt":3800,"minecraft:swim_one_cm":57393,"minecraft:fly_one_cm":463869,"minecraft:open_chest":52,"minecraft:crouch_one_cm":67447,"minecraft:fall_one_cm":68267,"minecraft:horse_one_cm":536},"minecraft:killed_by":{"minecraft:player":2,"minecraft:skeleton":3},"minecraft:used":{"minecraft:beetroot":8,"minecraft:cherry_sapling":2,"minecraft:stone_sword":30,"minecraft:ladder":3,"minecraft:chest":1,"minecraft:shield":21,"minecraft:torch":48,"minecraft:dirt":164,"minecraft:carrot":35,"minecraft:diamond_helmet":1,"minecraft:lantern":15,"minecraft:cherry_slab":291,"minecraft:cherry_leaves":114,"minecraft:diamond_chestplate":1,"minecraft:furnace":3,"minecraft:beetroot_seeds":29,"minecraft:potato":3,"minecraft:cherry_fence":19,"minecraft:cherry_log":432,"minecraft:wheat_seeds":18,"minecraft:cooked_mutton":3,"minecraft:diamond_boots":1,"minecraft:stone_pickaxe":12,"minecraft:oak_planks":50,"minecraft:baked_potato":6,"minecraft:wooden_pickaxe":47,"minecraft:leather_chestplate":2,"minecraft:cherry_planks":962,"minecraft:diamond_axe":1678,"minecraft:cookie":26,"minecraft:white_wool":8,"minecraft:golden_apple":8,"minecraft:oak_slab":2,"minecraft:crafting_table":6,"minecraft:oak_log":1,"minecraft:diamond_pickaxe":205,"minecraft:apple":7,"minecraft:diamond_shovel":424,"minecraft:cherry_door":5,"minecraft:sunflower":7,"minecraft:bread":3,"minecraft:oak_pressure_plate":1,"minecraft:wooden_sword":80,"minecraft:cherry_stairs":240,"minecraft:cobblestone":5,"minecraft:cooked_porkchop":5,"minecraft:yellow_bed":1,"minecraft:stripped_oak_log":3,"minecraft:stripped_cherry_log":4,"minecraft:dandelion":1,"minecraft:bone_meal":6,"minecraft:diamond_leggings":1},"minecraft:crafted":{"minecraft:cherry_planks":2299,"minecraft:wooden_sword":1,"minecraft:cherry_slab":384,"minecraft:furnace":1,"minecraft:cooked_mutton":4,"minecraft:cherry_stairs":316,"minecraft:stone_pickaxe":1,"minecraft:cherry_fence":18,"minecraft:cooked_porkchop":16,"minecraft:crafting_table":2,"minecraft:wooden_pickaxe":1,"minecraft:stick":60,"minecraft:iron_ingot":3,"minecraft:stone_sword":1,"minecraft:cherry_door":3,"minecraft:torch":40},"minecraft:broken":{"minecraft:diamond_axe":1,"minecraft:wooden_sword":1},"minecraft:killed":{"minecraft:spider":1,"minecraft:chicken":3,"minecraft:pig":8,"minecraft:zombie_villager":1,"minecraft:iron_golem":1,"minecraft:sheep":3,"minecraft:zombie":6,"minecraft:villager":1}},"DataVersion":3955}