{"stats":{"minecraft:custom":{"minecraft:interact_with_furnace":12,"minecraft:mob_kills":16,"minecraft:interact_with_crafting_table":8,"minecraft:bell_ring":1,"minecraft:leave_game":1,"minecraft:time_since_death":7195,"minecraft:time_since_rest":7237,"minecraft:sprint_one_cm":168982,"minecraft:damage_taken":1257,"minecraft:walk_one_cm":171441,"minecraft:drop":12,"minecraft:damage_dealt":1748,"minecraft:swim_one_cm":5097,"minecraft:talked_to_villager":2,"minecraft:fly_one_cm":116378,"minecraft:open_chest":11,"minecraft:crouch_one_cm":2068,"minecraft:play_time":56964,"minecraft:deaths":2,"minecraft:sneak_time":1945,"minecraft:walk_under_water_one_cm":1329,"minecraft:jump":836,"minecraft:walk_on_water_one_cm":8699,"minecraft:total_world_time":56964,"minecraft:fall_one_cm":18879},"minecraft:used":{"minecraft:cooked_mutton":3,"minecraft:wheat_seeds":6,"minecraft:stone_sword":18,"minecraft:stone_pickaxe":12,"minecraft:wooden_pickaxe":47,"minecraft:leather_chestplate":2,"minecraft:white_wool":4,"minecraft:torch":48,"minecraft:crafting_table":4,"minecraft:apple":3,"minecraft:sunflower":7,"minecraft:bread":3,"minecraft:wooden_sword":80,"minecraft:cobblestone":5,"minecraft:furnace":3,"minecraft:cooked_porkchop":5,"minecraft:beetroot_seeds":15,"minecraft:yellow_bed":1,"minecraft:potato":3,"minecraft:dandelion":1,"minecraft:cherry_log":1},"minecraft:killed_by":{"minecraft:skeleton":2},"minecraft:broken":{"minecraft:wooden_sword":1},"minecraft:dropped":{"minecraft:wheat_seeds":4,"minecraft:dripstone_block":2,"minecraft:cooked_porkchop":24,"minecraft:pointed_dripstone":1,"minecraft:book":2,"minecraft:dirt":1,"minecraft:oak_sapling":2,"minecraft:pink_petals":1},"minecraft:picked_up":{"minecraft:wheat":1,"minecraft:pink_petals":2,"minecraft:leather_chestplate":2,"minecraft:crafting_table":3,"minecraft:feather":4,"minecraft:chicken":3,"minecraft:cherry_planks":42,"minecraft:leather":3,"minecraft:wooden_pickaxe":1,"minecraft:potato":7,"minecraft:yellow_bed":1,"minecraft:dirt":5,"minecraft:wooden_sword":1,"minecraft:beetroot":4,"minecraft:wheat_seeds":18,"minecraft:iron_ingot":3,"minecraft:stone_pickaxe":2,"minecraft:iron_pickaxe":1,"minecraft:furnace":2,"minecraft:book":2,"minecraft:stick":8,"minecraft:raw_iron":10,"minecraft:cooked_porkchop":19,"minecraft:torch":35,"minecraft:dandelion":1,"minecraft:dripstone_block":4,"minecraft:porkchop":16,"minecraft:cherry_log":11,"minecraft:pointed_dripstone":2,"minecraft:carrot":19,"minecraft:stone_sword":2,"minecraft:rotten_flesh":4,"minecraft:beetroot_seeds":15,"minecraft:mutton":7,"minecraft:coal":19,"minecraft:white_wool":10,"minecraft:cobblestone":56,"minecraft:sunflower":7},"minecraft:killed":{"minecraft:pig":8,"minecraft:zombie_villager":1,"minecraft:sheep":3,"minecraft:zombie":1,"minecraft:chicken":3},"minecraft:mined":{"minecraft:cherry_log":14,"minecraft:crafting_table":3,"minecraft:torch":2,"minecraft:short_grass":35,"minecraft:grass_block":2,"minecraft:cobblestone":4,"minecraft:tall_grass":3,"minecraft:wall_torch":4,"minecraft:pink_petals":1,"minecraft:furnace":2,"minecraft:carrots":14,"minecraft:iron_ore":8,"minecraft:wheat":3,"minecraft:yellow_bed":2,"minecraft:potatoes":7,"minecraft:coal_ore":19,"minecraft:beetroots":5,"minecraft:dirt":2,"minecraft:stone":20,"minecraft:white_wool":3},"minecraft:crafted":{"minecraft:cherry_planks":40,"minecraft:wooden_sword":1,"minecraft:cooked_porkchop":16,"minecraft:crafting_table":1,"minecraft:wooden_pickaxe":1,"minecraft:furnace":1,"minecraft:cooked_mutton":4,"minecraft:stick":20,"minecraft:iron_ingot":3,"minecraft:stone_pickaxe":1,"minecraft:stone_sword":1,"minecraft:torch":40}},"DataVersion":3955}