{"stats":{"minecraft:picked_up":{"minecraft:crafting_table":6,"minecraft:wheat":47,"minecraft:chicken":3,"minecraft:ladder":12,"minecraft:lead":2,"minecraft:diamond_sword":1,"minecraft:wooden_pickaxe":1,"minecraft:oak_stairs":166,"minecraft:stripped_cherry_log":8,"minecraft:shield":1,"minecraft:string":2,"minecraft:wooden_sword":1,"minecraft:flint_and_steel":1,"minecraft:iron_shovel":2,"minecraft:beetroot":12,"minecraft:diamond_leggings":5,"minecraft:smooth_stone":1,"minecraft:jungle_sapling":81,"minecraft:poppy":2,"minecraft:iron_pickaxe":2,"minecraft:sugar_cane":7,"minecraft:chest":1,"minecraft:cherry_trapdoor":4,"minecraft:furnace":3,"minecraft:stick":49,"minecraft:raw_iron":10,"minecraft:cherry_stairs":30,"minecraft:oak_door":6,"minecraft:composter":2,"minecraft:oak_fence":37,"minecraft:torch":97,"minecraft:pink_carpet":17,"minecraft:porkchop":21,"minecraft:cherry_log":269,"minecraft:pointed_dripstone":2,"minecraft:carrot":54,"minecraft:cauldron":2,"minecraft:stone_sword":2,"minecraft:rotten_flesh":9,"minecraft:diamond_chestplate":3,"minecraft:light_blue_wool":16,"minecraft:beetroot_seeds":46,"minecraft:shears":1,"minecraft:diamond_boots":3,"minecraft:gold_ingot":64,"minecraft:mutton":11,"minecraft:white_wool":18,"minecraft:cobblestone":214,"minecraft:stripped_oak_log":42,"minecraft:pink_petals":170,"minecraft:leather_chestplate":2,"minecraft:feather":4,"minecraft:cherry_planks":389,"minecraft:salmon":2,"minecraft:water_bucket":1,"minecraft:jungle_log":378,"minecraft:leather":3,"minecraft:potato":22,"minecraft:oak_log":151,"minecraft:cherry_fence":8,"minecraft:yellow_bed":1,"minecraft:cobblestone_wall":2,"minecraft:cobblestone_stairs":2,"minecraft:cherry_door":2,"minecraft:dirt":424,"minecraft:lantern":47,"minecraft:apple":58,"minecraft:wheat_seeds":64,"minecraft:oak_fence_gate":3,"minecraft:iron_ingot":8,"minecraft:stone_pickaxe":2,"minecraft:diamond_helmet":4,"minecraft:oak_planks":809,"minecraft:book":2,"minecraft:oak_slab":9,"minecraft:cooked_porkchop":23,"minecraft:oak_pressure_plate":1,"minecraft:dandelion":4,"minecraft:dripstone_block":4,"minecraft:sand":161,"minecraft:jungle_planks":54,"minecraft:green_carpet":2,"minecraft:spider_eye":1,"minecraft:mossy_cobblestone":14,"minecraft:diamond_shovel":4,"minecraft:diamond":1,"minecraft:diamond_axe":7,"minecraft:cherry_sapling":47,"minecraft:gray_wool":2,"minecraft:golden_apple":8,"minecraft:cherry_slab":124,"minecraft:coal":19,"minecraft:diamond_pickaxe":4,"minecraft:sunflower":8},"minecraft:mined":{"minecraft:pink_carpet":16,"minecraft:mossy_cobblestone":12,"minecraft:oak_door":3,"minecraft:cherry_log":80,"minecraft:cobblestone_stairs":2,"minecraft:stripped_cherry_log":10,"minecraft:cherry_trapdoor":3,"minecraft:ladder":1,"minecraft:grass_block":78,"minecraft:smooth_stone":1,"minecraft:furnace":2,"minecraft:carrots":20,"minecraft:iron_ore":8,"minecraft:potatoes":9,"minecraft:water_cauldron":1,"minecraft:dirt_path":143,"minecraft:oak_stairs":211,"minecraft:lantern":8,"minecraft:stripped_oak_log":39,"minecraft:green_carpet":1,"minecraft:stone":23,"minecraft:cherry_stairs":34,"minecraft:white_wool":7,"minecraft:oak_slab":20,"minecraft:cherry_planks":120,"minecraft:dandelion":1,"minecraft:oak_fence":33,"minecraft:crafting_table":5,"minecraft:torch":13,"minecraft:short_grass":79,"minecraft:poppy":1,"minecraft:chest":1,"minecraft:cobblestone":181,"minecraft:tall_grass":8,"minecraft:sugar_cane":2,"minecraft:oak_planks":648,"minecraft:wall_torch":7,"minecraft:cherry_slab":68,"minecraft:pink_petals":70,"minecraft:cherry_fence":9,"minecraft:cobblestone_wall":2,"minecraft:wheat":21,"minecraft:cherry_door":1,"minecraft:stripped_oak_wood":2,"minecraft:yellow_bed":2,"minecraft:coal_ore":19,"minecraft:oak_log":136,"minecraft:beetroots":13,"minecraft:oak_fence_gate":1,"minecraft:cherry_leaves":36,"minecraft:gravel":2,"minecraft:sand":119,"minecraft:dirt":84},"minecraft:dropped":{"minecraft:wheat_seeds":5,"minecraft:diamond_axe":1,"minecraft:oak_log":20,"minecraft:mossy_cobblestone":5,"minecraft:dripstone_block":2,"minecraft:cooked_porkchop":24,"minecraft:diamond_leggings":2,"minecraft:book":2,"minecraft:dirt":172,"minecraft:diamond_helmet":1,"minecraft:pink_petals":1,"minecraft:pointed_dripstone":1,"minecraft:rotten_flesh":2,"minecraft:oak_planks":96,"minecraft:cherry_slab":62,"minecraft:shears":1,"minecraft:oak_fence_gate":1,"minecraft:diamond_pickaxe":1,"minecraft:beetroot_seeds":6,"minecraft:oak_sapling":2,"minecraft:stripped_cherry_log":1},"minecraft:custom":{"minecraft:mob_kills":26,"minecraft:animals_bred":7,"minecraft:interact_with_crafting_table":21,"minecraft:bell_ring":1,"minecraft:leave_game":6,"minecraft:time_since_death":1574,"minecraft:climb_one_cm":9108,"minecraft:sprint_one_cm":800131,"minecraft:walk_one_cm":1061679,"minecraft:damage_blocked_by_shield":1305,"minecraft:drop":33,"minecraft:talked_to_villager":3,"minecraft:play_time":490352,"minecraft:deaths":8,"minecraft:sneak_time":58250,"minecraft:walk_under_water_one_cm":46618,"minecraft:jump":3932,"minecraft:walk_on_water_one_cm":71013,"minecraft:total_world_time":490352,"minecraft:interact_with_furnace":12,"minecraft:sleep_in_bed":1,"minecraft:time_since_rest":1624,"minecraft:damage_taken":4632,"minecraft:damage_absorbed":218,"minecraft:damage_dealt":4182,"minecraft:swim_one_cm":96058,"minecraft:fly_one_cm":519464,"minecraft:open_chest":55,"minecraft:crouch_one_cm":93451,"minecraft:fall_one_cm":72206,"minecraft:horse_one_cm":536},"minecraft:killed_by":{"minecraft:player":3,"minecraft:skeleton":3},"minecraft:used":{"minecraft:beetroot":8,"minecraft:cherry_sapling":2,"minecraft:stone_sword":30,"minecraft:ladder":13,"minecraft:chest":1,"minecraft:shield":21,"minecraft:torch":48,"minecraft:dirt":178,"minecraft:carrot":35,"minecraft:diamond_helmet":1,"minecraft:pink_carpet":15,"minecraft:lantern":24,"minecraft:cherry_slab":344,"minecraft:cherry_trapdoor":4,"minecraft:cherry_leaves":262,"minecraft:diamond_chestplate":1,"minecraft:furnace":3,"minecraft:beetroot_seeds":29,"minecraft:potato":3,"minecraft:cherry_fence":44,"minecraft:cherry_log":457,"minecraft:wheat_seeds":27,"minecraft:cooked_mutton":3,"minecraft:diamond_boots":1,"minecraft:stone_pickaxe":12,"minecraft:oak_planks":50,"minecraft:baked_potato":6,"minecraft:wooden_pickaxe":47,"minecraft:leather_chestplate":2,"minecraft:cherry_planks":966,"minecraft:diamond_axe":1842,"minecraft:cookie":26,"minecraft:white_wool":8,"minecraft:golden_apple":8,"minecraft:oak_slab":2,"minecraft:crafting_table":6,"minecraft:oak_log":1,"minecraft:diamond_pickaxe":212,"minecraft:apple":22,"minecraft:diamond_shovel":443,"minecraft:cherry_door":5,"minecraft:sunflower":7,"minecraft:bread":3,"minecraft:oak_pressure_plate":1,"minecraft:pink_petals":164,"minecraft:wooden_sword":80,"minecraft:cherry_stairs":285,"minecraft:cobblestone":5,"minecraft:cooked_porkchop":5,"minecraft:yellow_bed":1,"minecraft:stripped_oak_log":3,"minecraft:stripped_cherry_log":4,"minecraft:dandelion":1,"minecraft:bone_meal":6,"minecraft:diamond_leggings":1},"minecraft:crafted":{"minecraft:cherry_planks":2323,"minecraft:wooden_sword":1,"minecraft:cherry_slab":384,"minecraft:furnace":1,"minecraft:cooked_mutton":4,"minecraft:cherry_trapdoor":2,"minecraft:ladder":15,"minecraft:cherry_stairs":316,"minecraft:stone_pickaxe":1,"minecraft:cherry_fence":18,"minecraft:cooked_porkchop":16,"minecraft:crafting_table":2,"minecraft:wooden_pickaxe":1,"minecraft:stick":100,"minecraft:iron_ingot":3,"minecraft:stone_sword":1,"minecraft:cherry_door":3,"minecraft:torch":40},"minecraft:broken":{"minecraft:diamond_axe":1,"minecraft:wooden_sword":1},"minecraft:killed":{"minecraft:spider":1,"minecraft:chicken":3,"minecraft:pig":8,"minecraft:zombie_villager":1,"minecraft:iron_golem":1,"minecraft:sheep":4,"minecraft:zombie":7,"minecraft:villager":1}},"DataVersion":3955}