{"stats":{"minecraft:mined":{"minecraft:cherry_log":17,"minecraft:grass_block":58,"minecraft:furnace":2,"minecraft:carrots":20,"minecraft:iron_ore":8,"minecraft:potatoes":9,"minecraft:dirt_path":124,"minecraft:oak_stairs":4,"minecraft:stripped_oak_log":4,"minecraft:stone":20,"minecraft:white_wool":7,"minecraft:cherry_planks":26,"minecraft:crafting_table":3,"minecraft:torch":11,"minecraft:short_grass":47,"minecraft:cobblestone":4,"minecraft:tall_grass":3,"minecraft:oak_planks":208,"minecraft:wall_torch":4,"minecraft:cherry_slab":2,"minecraft:pink_petals":4,"minecraft:wheat":5,"minecraft:yellow_bed":2,"minecraft:coal_ore":19,"minecraft:oak_log":4,"minecraft:beetroots":13,"minecraft:gravel":2,"minecraft:sand":23,"minecraft:dirt":38},"minecraft:custom":{"minecraft:mob_kills":20,"minecraft:interact_with_crafting_table":10,"minecraft:bell_ring":1,"minecraft:leave_game":1,"minecraft:time_since_death":24639,"minecraft:sprint_one_cm":366154,"minecraft:walk_one_cm":408077,"minecraft:damage_blocked_by_shield":1305,"minecraft:drop":22,"minecraft:talked_to_villager":3,"minecraft:play_time":143567,"minecraft:deaths":7,"minecraft:sneak_time":3606,"minecraft:walk_under_water_one_cm":10602,"minecraft:jump":2032,"minecraft:walk_on_water_one_cm":23741,"minecraft:total_world_time":143567,"minecraft:interact_with_furnace":12,"minecraft:time_since_rest":24685,"minecraft:damage_taken":3439,"minecraft:damage_absorbed":218,"minecraft:damage_dealt":2440,"minecraft:swim_one_cm":34293,"minecraft:fly_one_cm":282060,"minecraft:open_chest":25,"minecraft:crouch_one_cm":5537,"minecraft:fall_one_cm":53290,"minecraft:horse_one_cm":536},"minecraft:used":{"minecraft:beetroot":8,"minecraft:stone_sword":30,"minecraft:shield":21,"minecraft:torch":48,"minecraft:dirt":1,"minecraft:carrot":1,"minecraft:diamond_helmet":1,"minecraft:cherry_slab":3,"minecraft:diamond_chestplate":1,"minecraft:furnace":3,"minecraft:beetroot_seeds":29,"minecraft:potato":3,"minecraft:cherry_log":12,"minecraft:wheat_seeds":6,"minecraft:cooked_mutton":3,"minecraft:diamond_boots":1,"minecraft:stone_pickaxe":12,"minecraft:oak_planks":3,"minecraft:baked_potato":6,"minecraft:leather_chestplate":2,"minecraft:wooden_pickaxe":47,"minecraft:cherry_planks":502,"minecraft:diamond_axe":287,"minecraft:cookie":26,"minecraft:white_wool":8,"minecraft:golden_apple":8,"minecraft:crafting_table":4,"minecraft:oak_log":1,"minecraft:apple":3,"minecraft:diamond_shovel":261,"minecraft:sunflower":7,"minecraft:bread":3,"minecraft:wooden_sword":80,"minecraft:cobblestone":5,"minecraft:cherry_stairs":4,"minecraft:cooked_porkchop":5,"minecraft:yellow_bed":1,"minecraft:dandelion":1,"minecraft:diamond_leggings":1},"minecraft:crafted":{"minecraft:cherry_planks":1919,"minecraft:wooden_sword":1,"minecraft:furnace":1,"minecraft:cooked_mutton":4,"minecraft:cherry_stairs":4,"minecraft:stone_pickaxe":1,"minecraft:cooked_porkchop":16,"minecraft:crafting_table":1,"minecraft:wooden_pickaxe":1,"minecraft:stick":20,"minecraft:iron_ingot":3,"minecraft:stone_sword":1,"minecraft:torch":40},"minecraft:killed":{"minecraft:spider":1,"minecraft:chicken":3,"minecraft:pig":8,"minecraft:zombie_villager":1,"minecraft:iron_golem":1,"minecraft:sheep":3,"minecraft:zombie":2,"minecraft:villager":1},"minecraft:picked_up":{"minecraft:crafting_table":3,"minecraft:wheat":2,"minecraft:chicken":3,"minecraft:diamond_sword":1,"minecraft:wooden_pickaxe":1,"minecraft:oak_stairs":4,"minecraft:shield":1,"minecraft:string":2,"minecraft:wooden_sword":1,"minecraft:flint_and_steel":1,"minecraft:beetroot":12,"minecraft:diamond_leggings":4,"minecraft:jungle_sapling":81,"minecraft:iron_pickaxe":2,"minecraft:furnace":3,"minecraft:stick":44,"minecraft:raw_iron":10,"minecraft:composter":2,"minecraft:torch":75,"minecraft:porkchop":21,"minecraft:cherry_log":206,"minecraft:pointed_dripstone":2,"minecraft:carrot":41,"minecraft:stone_sword":2,"minecraft:rotten_flesh":4,"minecraft:diamond_chestplate":2,"minecraft:light_blue_wool":16,"minecraft:beetroot_seeds":46,"minecraft:diamond_boots":2,"minecraft:gold_ingot":64,"minecraft:mutton":7,"minecraft:white_wool":18,"minecraft:cobblestone":56,"minecraft:stripped_oak_log":7,"minecraft:pink_petals":6,"minecraft:leather_chestplate":2,"minecraft:feather":4,"minecraft:cherry_planks":286,"minecraft:water_bucket":1,"minecraft:jungle_log":378,"minecraft:leather":3,"minecraft:potato":13,"minecraft:oak_log":15,"minecraft:yellow_bed":1,"minecraft:dirt":278,"minecraft:apple":33,"minecraft:wheat_seeds":26,"minecraft:iron_ingot":8,"minecraft:stone_pickaxe":2,"minecraft:diamond_helmet":3,"minecraft:oak_planks":455,"minecraft:book":2,"minecraft:cooked_porkchop":23,"minecraft:dandelion":1,"minecraft:dripstone_block":4,"minecraft:sand":1,"minecraft:jungle_planks":54,"minecraft:spider_eye":1,"minecraft:diamond_shovel":3,"minecraft:diamond":1,"minecraft:diamond_axe":5,"minecraft:cherry_sapling":46,"minecraft:golden_apple":8,"minecraft:cherry_slab":4,"minecraft:coal":19,"minecraft:sunflower":7,"minecraft:diamond_pickaxe":2},"minecraft:killed_by":{"minecraft:player":2,"minecraft:skeleton":3},"minecraft:broken":{"minecraft:wooden_sword":1},"minecraft:dropped":{"minecraft:wheat_seeds":5,"minecraft:dripstone_block":2,"minecraft:cooked_porkchop":24,"minecraft:diamond_leggings":2,"minecraft:book":2,"minecraft:dirt":72,"minecraft:diamond_helmet":1,"minecraft:pink_petals":1,"minecraft:pointed_dripstone":1,"minecraft:oak_planks":96,"minecraft:beetroot_seeds":6,"minecraft:oak_sapling":2}},"DataVersion":3955}