{"stats":{"minecraft:picked_up":{"minecraft:crafting_table":4,"minecraft:wheat":3,"minecraft:chicken":3,"minecraft:ladder":3,"minecraft:diamond_sword":1,"minecraft:wooden_pickaxe":1,"minecraft:oak_stairs":59,"minecraft:stripped_cherry_log":8,"minecraft:shield":1,"minecraft:string":2,"minecraft:wooden_sword":1,"minecraft:flint_and_steel":1,"minecraft:beetroot":12,"minecraft:diamond_leggings":4,"minecraft:smooth_stone":1,"minecraft:jungle_sapling":81,"minecraft:iron_pickaxe":2,"minecraft:chest":1,"minecraft:furnace":3,"minecraft:stick":44,"minecraft:raw_iron":10,"minecraft:cherry_stairs":12,"minecraft:oak_door":4,"minecraft:composter":2,"minecraft:oak_fence":15,"minecraft:torch":88,"minecraft:porkchop":21,"minecraft:cherry_log":242,"minecraft:pointed_dripstone":2,"minecraft:carrot":54,"minecraft:stone_sword":2,"minecraft:rotten_flesh":6,"minecraft:diamond_chestplate":2,"minecraft:light_blue_wool":16,"minecraft:beetroot_seeds":46,"minecraft:diamond_boots":2,"minecraft:gold_ingot":64,"minecraft:mutton":7,"minecraft:white_wool":18,"minecraft:cobblestone":136,"minecraft:stripped_oak_log":26,"minecraft:pink_petals":6,"minecraft:leather_chestplate":2,"minecraft:feather":4,"minecraft:cherry_planks":340,"minecraft:water_bucket":1,"minecraft:jungle_log":378,"minecraft:leather":3,"minecraft:potato":22,"minecraft:oak_log":131,"minecraft:yellow_bed":1,"minecraft:cobblestone_stairs":1,"minecraft:cherry_door":2,"minecraft:dirt":373,"minecraft:lantern":25,"minecraft:apple":33,"minecraft:wheat_seeds":26,"minecraft:iron_ingot":8,"minecraft:stone_pickaxe":2,"minecraft:diamond_helmet":3,"minecraft:oak_planks":712,"minecraft:book":2,"minecraft:oak_slab":4,"minecraft:cooked_porkchop":23,"minecraft:oak_pressure_plate":1,"minecraft:dandelion":2,"minecraft:dripstone_block":4,"minecraft:sand":5,"minecraft:jungle_planks":54,"minecraft:green_carpet":2,"minecraft:spider_eye":1,"minecraft:mossy_cobblestone":6,"minecraft:diamond_shovel":3,"minecraft:diamond":1,"minecraft:diamond_axe":5,"minecraft:cherry_sapling":46,"minecraft:golden_apple":8,"minecraft:cherry_slab":75,"minecraft:coal":19,"minecraft:diamond_pickaxe":2,"minecraft:sunflower":8},"minecraft:mined":{"minecraft:mossy_cobblestone":4,"minecraft:oak_door":3,"minecraft:cobblestone_stairs":1,"minecraft:cherry_log":53,"minecraft:stripped_cherry_log":10,"minecraft:grass_block":65,"minecraft:smooth_stone":1,"minecraft:furnace":2,"minecraft:carrots":20,"minecraft:iron_ore":8,"minecraft:potatoes":9,"minecraft:dirt_path":143,"minecraft:oak_stairs":77,"minecraft:lantern":1,"minecraft:green_carpet":1,"minecraft:stripped_oak_log":23,"minecraft:stone":20,"minecraft:cherry_stairs":16,"minecraft:white_wool":7,"minecraft:oak_slab":11,"minecraft:cherry_planks":83,"minecraft:dandelion":1,"minecraft:oak_fence":18,"minecraft:crafting_table":4,"minecraft:torch":13,"minecraft:short_grass":60,"minecraft:chest":1,"minecraft:cobblestone":106,"minecraft:tall_grass":5,"minecraft:oak_planks":539,"minecraft:wall_torch":5,"minecraft:cherry_slab":12,"minecraft:pink_petals":4,"minecraft:wheat":5,"minecraft:cherry_door":1,"minecraft:stripped_oak_wood":2,"minecraft:yellow_bed":2,"minecraft:coal_ore":19,"minecraft:oak_log":116,"minecraft:beetroots":13,"minecraft:gravel":2,"minecraft:sand":41,"minecraft:dirt":51},"minecraft:dropped":{"minecraft:wheat_seeds":5,"minecraft:oak_log":20,"minecraft:mossy_cobblestone":5,"minecraft:dripstone_block":2,"minecraft:cooked_porkchop":24,"minecraft:diamond_leggings":2,"minecraft:book":2,"minecraft:dirt":136,"minecraft:diamond_helmet":1,"minecraft:pink_petals":1,"minecraft:pointed_dripstone":1,"minecraft:oak_planks":96,"minecraft:cherry_slab":62,"minecraft:beetroot_seeds":6,"minecraft:oak_sapling":2},"minecraft:custom":{"minecraft:mob_kills":23,"minecraft:interact_with_crafting_table":16,"minecraft:bell_ring":1,"minecraft:leave_game":2,"minecraft:time_since_death":165265,"minecraft:climb_one_cm":1288,"minecraft:sprint_one_cm":514068,"minecraft:walk_one_cm":636022,"minecraft:damage_blocked_by_shield":1305,"minecraft:drop":26,"minecraft:talked_to_villager":3,"minecraft:play_time":284193,"minecraft:deaths":7,"minecraft:sneak_time":19441,"minecraft:walk_under_water_one_cm":15473,"minecraft:jump":2653,"minecraft:walk_on_water_one_cm":40461,"minecraft:total_world_time":284193,"minecraft:interact_with_furnace":12,"minecraft:time_since_rest":165311,"minecraft:damage_taken":3917,"minecraft:damage_absorbed":218,"minecraft:damage_dealt":3433,"minecraft:swim_one_cm":46602,"minecraft:fly_one_cm":370494,"minecraft:open_chest":39,"minecraft:crouch_one_cm":23870,"minecraft:fall_one_cm":60420,"minecraft:horse_one_cm":536},"minecraft:killed_by":{"minecraft:player":2,"minecraft:skeleton":3},"minecraft:used":{"minecraft:beetroot":8,"minecraft:cherry_sapling":2,"minecraft:stone_sword":30,"minecraft:ladder":3,"minecraft:chest":1,"minecraft:shield":21,"minecraft:torch":48,"minecraft:dirt":45,"minecraft:carrot":22,"minecraft:diamond_helmet":1,"minecraft:lantern":8,"minecraft:cherry_slab":138,"minecraft:diamond_chestplate":1,"minecraft:furnace":3,"minecraft:beetroot_seeds":29,"minecraft:potato":3,"minecraft:cherry_fence":12,"minecraft:cherry_log":244,"minecraft:wheat_seeds":6,"minecraft:cooked_mutton":3,"minecraft:diamond_boots":1,"minecraft:stone_pickaxe":12,"minecraft:baked_potato":6,"minecraft:oak_planks":3,"minecraft:wooden_pickaxe":47,"minecraft:leather_chestplate":2,"minecraft:cherry_planks":899,"minecraft:diamond_axe":1145,"minecraft:cookie":26,"minecraft:white_wool":8,"minecraft:golden_apple":8,"minecraft:oak_slab":2,"minecraft:crafting_table":6,"minecraft:oak_log":1,"minecraft:diamond_pickaxe":113,"minecraft:apple":3,"minecraft:diamond_shovel":322,"minecraft:cherry_door":4,"minecraft:sunflower":7,"minecraft:bread":3,"minecraft:oak_pressure_plate":1,"minecraft:wooden_sword":80,"minecraft:cobblestone":5,"minecraft:cherry_stairs":94,"minecraft:cooked_porkchop":5,"minecraft:yellow_bed":1,"minecraft:stripped_cherry_log":4,"minecraft:dandelion":1,"minecraft:bone_meal":6,"minecraft:diamond_leggings":1},"minecraft:crafted":{"minecraft:cherry_planks":1975,"minecraft:wooden_sword":1,"minecraft:cherry_slab":384,"minecraft:furnace":1,"minecraft:cooked_mutton":4,"minecraft:cherry_stairs":136,"minecraft:stone_pickaxe":1,"minecraft:cherry_fence":12,"minecraft:cooked_porkchop":16,"minecraft:crafting_table":2,"minecraft:wooden_pickaxe":1,"minecraft:stick":56,"minecraft:iron_ingot":3,"minecraft:stone_sword":1,"minecraft:cherry_door":3,"minecraft:torch":40},"minecraft:broken":{"minecraft:wooden_sword":1},"minecraft:killed":{"minecraft:spider":1,"minecraft:chicken":3,"minecraft:pig":8,"minecraft:zombie_villager":1,"minecraft:iron_golem":1,"minecraft:sheep":3,"minecraft:zombie":5,"minecraft:villager":1}},"DataVersion":3955}