{"stats":{"minecraft:picked_up":{"minecraft:crafting_table":4,"minecraft:wheat":3,"minecraft:chicken":3,"minecraft:diamond_sword":1,"minecraft:wooden_pickaxe":1,"minecraft:oak_stairs":5,"minecraft:stripped_cherry_log":7,"minecraft:shield":1,"minecraft:string":2,"minecraft:flint_and_steel":1,"minecraft:wooden_sword":1,"minecraft:beetroot":12,"minecraft:diamond_leggings":4,"minecraft:jungle_sapling":81,"minecraft:iron_pickaxe":2,"minecraft:chest":1,"minecraft:furnace":3,"minecraft:stick":44,"minecraft:raw_iron":10,"minecraft:cherry_stairs":1,"minecraft:oak_door":1,"minecraft:composter":2,"minecraft:oak_fence":3,"minecraft:torch":81,"minecraft:porkchop":21,"minecraft:cherry_log":232,"minecraft:pointed_dripstone":2,"minecraft:carrot":54,"minecraft:stone_sword":2,"minecraft:diamond_chestplate":2,"minecraft:rotten_flesh":5,"minecraft:light_blue_wool":16,"minecraft:beetroot_seeds":46,"minecraft:diamond_boots":2,"minecraft:gold_ingot":64,"minecraft:mutton":7,"minecraft:white_wool":18,"minecraft:cobblestone":108,"minecraft:stripped_oak_log":26,"minecraft:pink_petals":6,"minecraft:leather_chestplate":2,"minecraft:feather":4,"minecraft:cherry_planks":330,"minecraft:water_bucket":1,"minecraft:jungle_log":378,"minecraft:leather":3,"minecraft:potato":22,"minecraft:oak_log":71,"minecraft:yellow_bed":1,"minecraft:cherry_door":2,"minecraft:dirt":309,"minecraft:lantern":25,"minecraft:apple":33,"minecraft:wheat_seeds":26,"minecraft:iron_ingot":8,"minecraft:stone_pickaxe":2,"minecraft:diamond_helmet":3,"minecraft:oak_planks":633,"minecraft:book":2,"minecraft:cooked_porkchop":23,"minecraft:dandelion":2,"minecraft:dripstone_block":4,"minecraft:jungle_planks":54,"minecraft:sand":5,"minecraft:spider_eye":1,"minecraft:mossy_cobblestone":5,"minecraft:diamond_shovel":3,"minecraft:diamond":1,"minecraft:diamond_axe":5,"minecraft:cherry_sapling":46,"minecraft:golden_apple":8,"minecraft:cherry_slab":4,"minecraft:coal":19,"minecraft:sunflower":8,"minecraft:diamond_pickaxe":2},"minecraft:mined":{"minecraft:mossy_cobblestone":3,"minecraft:cherry_log":43,"minecraft:stripped_cherry_log":7,"minecraft:grass_block":65,"minecraft:furnace":2,"minecraft:carrots":20,"minecraft:iron_ore":8,"minecraft:potatoes":9,"minecraft:dirt_path":143,"minecraft:oak_stairs":5,"minecraft:lantern":1,"minecraft:stripped_oak_log":23,"minecraft:stone":20,"minecraft:cherry_stairs":1,"minecraft:white_wool":7,"minecraft:cherry_planks":73,"minecraft:dandelion":1,"minecraft:oak_fence":6,"minecraft:crafting_table":4,"minecraft:torch":13,"minecraft:short_grass":54,"minecraft:chest":1,"minecraft:cobblestone":78,"minecraft:tall_grass":4,"minecraft:oak_planks":444,"minecraft:wall_torch":5,"minecraft:cherry_slab":2,"minecraft:pink_petals":4,"minecraft:wheat":5,"minecraft:cherry_door":1,"minecraft:stripped_oak_wood":2,"minecraft:yellow_bed":2,"minecraft:oak_log":68,"minecraft:coal_ore":19,"minecraft:beetroots":13,"minecraft:gravel":2,"minecraft:sand":41,"minecraft:dirt":51},"minecraft:dropped":{"minecraft:wheat_seeds":5,"minecraft:dripstone_block":2,"minecraft:cooked_porkchop":24,"minecraft:diamond_leggings":2,"minecraft:book":2,"minecraft:dirt":72,"minecraft:diamond_helmet":1,"minecraft:pink_petals":1,"minecraft:pointed_dripstone":1,"minecraft:oak_planks":96,"minecraft:beetroot_seeds":6,"minecraft:oak_sapling":2},"minecraft:custom":{"minecraft:mob_kills":23,"minecraft:interact_with_crafting_table":13,"minecraft:bell_ring":1,"minecraft:leave_game":1,"minecraft:time_since_death":120595,"minecraft:sprint_one_cm":488820,"minecraft:walk_one_cm":562857,"minecraft:damage_blocked_by_shield":1305,"minecraft:drop":22,"minecraft:talked_to_villager":3,"minecraft:play_time":239523,"minecraft:deaths":7,"minecraft:sneak_time":10475,"minecraft:walk_under_water_one_cm":15473,"minecraft:jump":2510,"minecraft:walk_on_water_one_cm":37324,"minecraft:total_world_time":239523,"minecraft:interact_with_furnace":12,"minecraft:time_since_rest":120641,"minecraft:damage_taken":3796,"minecraft:damage_absorbed":218,"minecraft:damage_dealt":3433,"minecraft:swim_one_cm":46602,"minecraft:fly_one_cm":356827,"minecraft:open_chest":36,"minecraft:crouch_one_cm":10873,"minecraft:fall_one_cm":57025,"minecraft:horse_one_cm":536},"minecraft:killed_by":{"minecraft:player":2,"minecraft:skeleton":3},"minecraft:used":{"minecraft:beetroot":8,"minecraft:cherry_sapling":2,"minecraft:stone_sword":30,"minecraft:shield":21,"minecraft:torch":48,"minecraft:dirt":45,"minecraft:carrot":17,"minecraft:diamond_helmet":1,"minecraft:lantern":7,"minecraft:cherry_slab":3,"minecraft:diamond_chestplate":1,"minecraft:furnace":3,"minecraft:beetroot_seeds":29,"minecraft:potato":3,"minecraft:cherry_log":157,"minecraft:wheat_seeds":6,"minecraft:cooked_mutton":3,"minecraft:diamond_boots":1,"minecraft:stone_pickaxe":12,"minecraft:baked_potato":6,"minecraft:oak_planks":3,"minecraft:leather_chestplate":2,"minecraft:wooden_pickaxe":47,"minecraft:cherry_planks":861,"minecraft:diamond_axe":821,"minecraft:cookie":26,"minecraft:white_wool":8,"minecraft:golden_apple":8,"minecraft:crafting_table":5,"minecraft:oak_log":1,"minecraft:diamond_pickaxe":81,"minecraft:apple":3,"minecraft:diamond_shovel":322,"minecraft:cherry_door":4,"minecraft:sunflower":7,"minecraft:bread":3,"minecraft:wooden_sword":80,"minecraft:cobblestone":5,"minecraft:cherry_stairs":8,"minecraft:cooked_porkchop":5,"minecraft:yellow_bed":1,"minecraft:stripped_cherry_log":1,"minecraft:dandelion":1,"minecraft:bone_meal":6,"minecraft:diamond_leggings":1},"minecraft:crafted":{"minecraft:cherry_planks":1919,"minecraft:wooden_sword":1,"minecraft:furnace":1,"minecraft:cooked_mutton":4,"minecraft:cherry_stairs":8,"minecraft:stone_pickaxe":1,"minecraft:cooked_porkchop":16,"minecraft:crafting_table":2,"minecraft:wooden_pickaxe":1,"minecraft:stick":20,"minecraft:iron_ingot":3,"minecraft:stone_sword":1,"minecraft:cherry_door":3,"minecraft:torch":40},"minecraft:broken":{"minecraft:wooden_sword":1},"minecraft:killed":{"minecraft:spider":1,"minecraft:chicken":3,"minecraft:pig":8,"minecraft:zombie_villager":1,"minecraft:iron_golem":1,"minecraft:sheep":3,"minecraft:zombie":5,"minecraft:villager":1}},"DataVersion":3955}