{"stats":{"minecraft:custom":{"minecraft:time_since_rest":5706,"minecraft:crouch_one_cm":38,"minecraft:walk_one_cm":14037,"minecraft:play_time":8686,"minecraft:sprint_one_cm":13951,"minecraft:damage_taken":300,"minecraft:deaths":1,"minecraft:sneak_time":75,"minecraft:jump":41,"minecraft:leave_game":3,"minecraft:time_since_death":5682,"minecraft:total_world_time":8686,"minecraft:fall_one_cm":5498,"minecraft:interact_with_crafting_table":2,"minecraft:fly_one_cm":6718},"minecraft:mined":{"minecraft:oak_log":5,"minecraft:dead_bush":17,"minecraft:stone":16,"minecraft:crafting_table":1},"minecraft:used":{"minecraft:crafting_table":2,"minecraft:wooden_pickaxe":16},"minecraft:killed_by":{"minecraft:skeleton":1},"minecraft:crafted":{"minecraft:furnace":1,"minecraft:wooden_sword":1,"minecraft:oak_planks":20,"minecraft:crafting_table":1,"minecraft:wooden_pickaxe":1},"minecraft:picked_up":{"minecraft:crafting_table":1,"minecraft:stick":23,"minecraft:oak_log":5,"minecraft:cobblestone":16}},"DataVersion":3955}