{"stats":{"minecraft:used":{"minecraft:beef":1,"minecraft:chicken":1},"minecraft:custom":{"minecraft:time_since_rest":5605,"minecraft:crouch_one_cm":262,"minecraft:play_time":5605,"minecraft:sprint_one_cm":35452,"minecraft:damage_taken":60,"minecraft:walk_one_cm":20550,"minecraft:sneak_time":80,"minecraft:walk_under_water_one_cm":2583,"minecraft:mob_kills":2,"minecraft:drop":2,"minecraft:jump":133,"minecraft:damage_dealt":149,"minecraft:leave_game":2,"minecraft:walk_on_water_one_cm":3718,"minecraft:time_since_death":5605,"minecraft:total_world_time":5605,"minecraft:swim_one_cm":322,"minecraft:fall_one_cm":4556,"minecraft:fly_one_cm":18760},"minecraft:picked_up":{"minecraft:feather":1,"minecraft:chicken":1,"minecraft:leather":1,"minecraft:beef":1},"minecraft:dropped":{"minecraft:feather":1,"minecraft:leather":1},"minecraft:killed":{"minecraft:chicken":1,"minecraft:cow":1},"minecraft:mined":{"minecraft:short_grass":5,"minecraft:oak_leaves":4}},"DataVersion":3955}