{"stats":{"minecraft:picked_up":{"minecraft:crafting_table":6,"minecraft:wheat":99,"minecraft:azure_bluet":1,"minecraft:clay_ball":304,"minecraft:suspicious_stew":6,"minecraft:diamond_sword":1,"minecraft:wooden_pickaxe":1,"minecraft:oak_stairs":4,"minecraft:shield":2,"minecraft:string":3,"minecraft:raw_copper":29,"minecraft:iron_axe":1,"minecraft:beetroot":21,"minecraft:diamond_leggings":3,"minecraft:beef":2,"minecraft:jungle_sapling":32,"minecraft:iron_pickaxe":1,"minecraft:chest":1,"minecraft:furnace":1,"minecraft:stick":147,"minecraft:raw_iron":21,"minecraft:oak_door":2,"minecraft:oak_fence":11,"minecraft:torch":30,"minecraft:pink_carpet":1,"minecraft:porkchop":16,"minecraft:cherry_log":354,"minecraft:cookie":163,"minecraft:pointed_dripstone":2,"minecraft:diorite":5,"minecraft:carrot":127,"minecraft:diamond_chestplate":3,"minecraft:stone_sword":3,"minecraft:arrow":23,"minecraft:rotten_flesh":22,"minecraft:stone_shovel":7,"minecraft:beetroot_seeds":52,"minecraft:diamond_boots":2,"minecraft:gold_ingot":4,"minecraft:mutton":10,"minecraft:white_wool":6,"minecraft:bone_block":46,"minecraft:cobblestone":615,"minecraft:oxeye_daisy":9,"minecraft:stripped_oak_log":9,"minecraft:pink_petals":24,"minecraft:leather_chestplate":4,"minecraft:cherry_planks":385,"minecraft:jungle_log":117,"minecraft:salmon":48,"minecraft:leather":4,"minecraft:cherry_fence":15,"minecraft:potato":68,"minecraft:flint":2,"minecraft:light_gray_dye":12,"minecraft:oak_log":2,"minecraft:cobblestone_wall":2,"minecraft:gunpowder":1,"minecraft:cobblestone_stairs":1,"minecraft:lapis_lazuli":23,"minecraft:dirt":814,"minecraft:bone":26,"minecraft:apple":128,"minecraft:wheat_seeds":278,"minecraft:bell":3,"minecraft:iron_ingot":4,"minecraft:stone_pickaxe":3,"minecraft:stripped_oak_wood":1,"minecraft:diamond_helmet":3,"minecraft:iron_sword":3,"minecraft:oak_planks":454,"minecraft:cooked_porkchop":7,"minecraft:dandelion":2,"minecraft:dripstone_block":1,"minecraft:gravel":19,"minecraft:sand":9,"minecraft:jungle_planks":11,"minecraft:white_bed":1,"minecraft:grass_block":1,"minecraft:mossy_cobblestone":22,"minecraft:light_gray_terracotta":9,"minecraft:diamond_shovel":1,"minecraft:stone_axe":3,"minecraft:diamond_axe":10,"minecraft:bone_meal":160,"minecraft:cherry_sapling":93,"minecraft:golden_apple":4,"minecraft:emerald":1,"minecraft:bread":10,"minecraft:baked_potato":28,"minecraft:oak_sapling":5,"minecraft:cherry_slab":1,"minecraft:coal":116,"minecraft:oak_leaves":2,"minecraft:diamond_pickaxe":2,"minecraft:ender_pearl":2,"minecraft:sunflower":2},"minecraft:mined":{"minecraft:white_bed":1,"minecraft:oak_sapling":5,"minecraft:pink_carpet":1,"minecraft:mossy_cobblestone":24,"minecraft:cherry_log":29,"minecraft:cherry_sapling":14,"minecraft:grass_block":109,"minecraft:oxeye_daisy":9,"minecraft:tall_seagrass":3,"minecraft:carrots":35,"minecraft:furnace":1,"minecraft:iron_ore":14,"minecraft:azure_bluet":1,"minecraft:bell":3,"minecraft:potatoes":23,"minecraft:dirt_path":53,"minecraft:oak_stairs":2,"minecraft:stripped_oak_log":12,"minecraft:stone":479,"minecraft:white_wool":1,"minecraft:cherry_planks":244,"minecraft:dandelion":1,"minecraft:oak_fence":8,"minecraft:clay":66,"minecraft:crafting_table":1,"minecraft:torch":9,"minecraft:short_grass":32,"minecraft:emerald_ore":1,"minecraft:cobblestone":68,"minecraft:tall_grass":8,"minecraft:copper_ore":3,"minecraft:oak_planks":335,"minecraft:diorite":5,"minecraft:wall_torch":2,"minecraft:cherry_slab":1,"minecraft:pink_petals":3,"minecraft:seagrass":1,"minecraft:cherry_fence":15,"minecraft:wheat":103,"minecraft:sand":7,"minecraft:coal_ore":70,"minecraft:beetroots":22,"minecraft:cherry_leaves":5,"minecraft:sunflower":1,"minecraft:gravel":11,"minecraft:dripstone_block":1,"minecraft:dirt":304,"minecraft:oak_leaves":6},"minecraft:custom":{"minecraft:mob_kills":64,"minecraft:interact_with_crafting_table":59,"minecraft:bell_ring":76,"minecraft:leave_game":3,"minecraft:time_since_death":106722,"minecraft:climb_one_cm":2091,"minecraft:sprint_one_cm":791164,"minecraft:walk_one_cm":1103781,"minecraft:damage_blocked_by_shield":3177,"minecraft:drop":716,"minecraft:damage_dealt_absorbed":218,"minecraft:talked_to_villager":48,"minecraft:play_time":357680,"minecraft:deaths":6,"minecraft:sneak_time":8895,"minecraft:walk_under_water_one_cm":135439,"minecraft:jump":5221,"minecraft:walk_on_water_one_cm":164208,"minecraft:total_world_time":357680,"minecraft:interact_with_furnace":55,"minecraft:traded_with_villager":19,"minecraft:sleep_in_bed":7,"minecraft:time_since_rest":15077,"minecraft:damage_taken":3763,"minecraft:damage_dealt":8517,"minecraft:swim_one_cm":134704,"minecraft:player_kills":3,"minecraft:fly_one_cm":880766,"minecraft:open_chest":119,"minecraft:crouch_one_cm":21412,"minecraft:fall_one_cm":124284},"minecraft:dropped":{"minecraft:iron_ingot":1,"minecraft:bread":10,"minecraft:iron_sword":1,"minecraft:porkchop":1,"minecraft:wheat_seeds":24,"minecraft:diamond_axe":3,"minecraft:cherry_log":192,"minecraft:baked_potato":1,"minecraft:diamond_leggings":1,"minecraft:oak_fence":3,"minecraft:feather":2,"minecraft:cookie":1,"minecraft:cobblestone":421,"minecraft:stick":27,"minecraft:cobblestone_stairs":1,"minecraft:emerald":6,"minecraft:dirt":343,"minecraft:cherry_planks":1,"minecraft:diamond_helmet":1,"minecraft:oak_stairs":1,"minecraft:iron_axe":1,"minecraft:stripped_oak_wood":1,"minecraft:pink_petals":11,"minecraft:dandelion":1,"minecraft:bone":2,"minecraft:oak_door":1,"minecraft:gravel":5,"minecraft:stone_axe":1,"minecraft:stone_sword":1,"minecraft:cobblestone_wall":2,"minecraft:raw_copper":4,"minecraft:light_gray_terracotta":9,"minecraft:stone_shovel":2,"minecraft:cherry_sapling":1,"minecraft:rotten_flesh":4,"minecraft:oak_planks":141,"minecraft:diamond_shovel":1,"minecraft:cherry_slab":1,"minecraft:carrot":7,"minecraft:leather_chestplate":2,"minecraft:shield":2,"minecraft:diamond_chestplate":1,"minecraft:diamond_pickaxe":1,"minecraft:beetroot_seeds":21,"minecraft:oak_sapling":20,"minecraft:light_gray_dye":18,"minecraft:arrow":16,"minecraft:stone_pickaxe":1},"minecraft:killed_by":{"minecraft:iron_golem":1,"minecraft:skeleton":5},"minecraft:used":{"minecraft:beetroot":12,"minecraft:cherry_sapling":61,"minecraft:stone_sword":1,"minecraft:stone_shovel":486,"minecraft:chest":6,"minecraft:shield":46,"minecraft:stone":32,"minecraft:iron_sword":249,"minecraft:bell":3,"minecraft:torch":5,"minecraft:dirt":155,"minecraft:carrot":47,"minecraft:pink_carpet":4,"minecraft:azure_bluet":1,"minecraft:jungle_sapling":2,"minecraft:grass_block":1,"minecraft:iron_axe":263,"minecraft:oak_stairs":2,"minecraft:furnace":3,"minecraft:beetroot_seeds":11,"minecraft:cooked_beef":1,"minecraft:potato":32,"minecraft:cherry_fence":30,"minecraft:cherry_log":25,"minecraft:wheat_seeds":78,"minecraft:water_bucket":53,"minecraft:diorite":5,"minecraft:stone_pickaxe":232,"minecraft:oak_planks":2,"minecraft:baked_potato":22,"minecraft:wooden_pickaxe":12,"minecraft:leather_chestplate":3,"minecraft:cherry_planks":662,"minecraft:diamond_axe":549,"minecraft:cookie":41,"minecraft:white_wool":1,"minecraft:crafting_table":3,"minecraft:white_bed":2,"minecraft:shears":2,"minecraft:oak_log":6,"minecraft:wooden_hoe":8,"minecraft:diamond_pickaxe":31,"minecraft:apple":11,"minecraft:cherry_door":1,"minecraft:iron_pickaxe":415,"minecraft:suspicious_stew":1,"minecraft:gravel":4,"minecraft:stone_axe":38,"minecraft:fishing_rod":6,"minecraft:cobblestone":46,"minecraft:cherry_stairs":3,"minecraft:porkchop":6,"minecraft:cooked_porkchop":9,"minecraft:bucket":53,"minecraft:dandelion":1,"minecraft:bone_meal":1},"minecraft:crafted":{"minecraft:cherry_planks":728,"minecraft:oak_planks":154,"minecraft:fishing_rod":1,"minecraft:furnace":3,"minecraft:stone":47,"minecraft:bone_meal":24,"minecraft:pink_carpet":3,"minecraft:pink_dye":2,"minecraft:cooked_mutton":10,"minecraft:terracotta":64,"minecraft:iron_axe":2,"minecraft:cherry_stairs":12,"minecraft:stone_pickaxe":2,"minecraft:chest":5,"minecraft:cherry_fence":15,"minecraft:cooked_beef":1,"minecraft:light_gray_terracotta":8,"minecraft:emerald":18,"minecraft:cooked_porkchop":2,"minecraft:crafting_table":3,"minecraft:wooden_pickaxe":1,"minecraft:baked_potato":28,"minecraft:iron_sword":1,"minecraft:bucket":1,"minecraft:stone_axe":2,"minecraft:wooden_hoe":1,"minecraft:pink_wool":2,"minecraft:shield":2,"minecraft:white_dye":25,"minecraft:stick":644,"minecraft:iron_ingot":17,"minecraft:iron_pickaxe":2,"minecraft:white_terracotta":48,"minecraft:stone_sword":1,"minecraft:cherry_door":3,"minecraft:light_gray_dye":7,"minecraft:white_bed":1,"minecraft:torch":8,"minecraft:shears":1,"minecraft:clay":64},"minecraft:broken":{"minecraft:stone_pickaxe":1,"minecraft:shield":1,"minecraft:diamond_axe":1,"minecraft:iron_axe":2,"minecraft:iron_pickaxe":1,"minecraft:stone_shovel":2},"minecraft:killed":{"minecraft:zombified_piglin":2,"minecraft:spider":2,"minecraft:skeleton":8,"minecraft:drowned":2,"minecraft:pig":6,"minecraft:salmon":26,"minecraft:creeper":1,"minecraft:zombie":10,"minecraft:villager":3,"minecraft:enderman":2,"minecraft:cow":1}},"DataVersion":3955}