{"stats":{"minecraft:mined":{"minecraft:white_bed":2,"minecraft:oak_sapling":5,"minecraft:farmland":47,"minecraft:pink_bed":2,"minecraft:cherry_log":53,"minecraft:cobblestone_stairs":13,"minecraft:cherry_trapdoor":10,"minecraft:grass_block":234,"minecraft:oxeye_daisy":9,"minecraft:smooth_stone":1,"minecraft:tall_seagrass":3,"minecraft:iron_ore":14,"minecraft:fire":44,"minecraft:azure_bluet":1,"minecraft:dirt_path":176,"minecraft:water_cauldron":6,"minecraft:oak_stairs":58,"minecraft:clay":201,"minecraft:torch":9,"minecraft:poppy":1,"minecraft:cobblestone":235,"minecraft:oak_planks":419,"minecraft:wall_torch":5,"minecraft:cauldron":3,"minecraft:cherry_slab":36,"minecraft:pink_petals":31,"minecraft:seagrass":1,"minecraft:white_terracotta":16,"minecraft:cherry_fence":15,"minecraft:wheat":115,"minecraft:yellow_stained_glass_pane":1,"minecraft:oak_log":22,"minecraft:beetroots":22,"minecraft:sand":72,"minecraft:dirt":750,"minecraft:oak_leaves":6,"minecraft:pink_carpet":14,"minecraft:mossy_cobblestone":34,"minecraft:oak_door":1,"minecraft:cherry_sapling":21,"minecraft:furnace":1,"minecraft:carrots":48,"minecraft:bell":3,"minecraft:potatoes":29,"minecraft:cobblestone_slab":1,"minecraft:lantern":15,"minecraft:stripped_oak_log":28,"minecraft:stone":480,"minecraft:cherry_fence_gate":1,"minecraft:cherry_stairs":11,"minecraft:white_wool":1,"minecraft:glass_pane":6,"minecraft:cherry_planks":384,"minecraft:dandelion":2,"minecraft:oak_fence":15,"minecraft:crafting_table":1,"minecraft:short_grass":49,"minecraft:emerald_ore":1,"minecraft:copper_ore":3,"minecraft:tall_grass":8,"minecraft:diorite":5,"minecraft:cobblestone_wall":1,"minecraft:coal_ore":94,"minecraft:cherry_leaves":21,"minecraft:sunflower":1,"minecraft:gravel":12,"minecraft:dripstone_block":1},"minecraft:used":{"minecraft:beetroot":12,"minecraft:cherry_sapling":85,"minecraft:poppy":1,"minecraft:chest":6,"minecraft:shield":46,"minecraft:white_terracotta":165,"minecraft:stone":32,"minecraft:iron_sword":249,"minecraft:bell":3,"minecraft:carrot":65,"minecraft:azure_bluet":1,"minecraft:milk_bucket":14,"minecraft:jungle_sapling":2,"minecraft:glass":10,"minecraft:lantern":32,"minecraft:grass_block":3,"minecraft:cherry_leaves":6,"minecraft:bow":3,"minecraft:furnace":3,"minecraft:beetroot_seeds":11,"minecraft:potato":42,"minecraft:diorite":5,"minecraft:stone_pickaxe":232,"minecraft:oak_planks":11,"minecraft:wooden_pickaxe":12,"minecraft:leather_chestplate":3,"minecraft:diamond_axe":1242,"minecraft:cookie":70,"minecraft:white_wool":1,"minecraft:golden_apple":7,"minecraft:shears":9,"minecraft:gravel":6,"minecraft:bone_meal":75,"minecraft:oak_fence":7,"minecraft:stone_sword":1,"minecraft:stone_shovel":510,"minecraft:cooked_chicken":3,"minecraft:torch":5,"minecraft:dirt":838,"minecraft:pink_carpet":55,"minecraft:iron_axe":263,"minecraft:oak_stairs":3,"minecraft:cherry_slab":36,"minecraft:cherry_trapdoor":10,"minecraft:cherry_fence_gate":3,"minecraft:golden_carrot":12,"minecraft:cooked_beef":4,"minecraft:cherry_fence":43,"minecraft:cherry_log":213,"minecraft:wheat_seeds":78,"minecraft:cooked_mutton":6,"minecraft:water_bucket":175,"minecraft:baked_potato":22,"minecraft:cherry_planks":1331,"minecraft:cauldron":8,"minecraft:salmon":2,"minecraft:crafting_table":3,"minecraft:white_bed":3,"minecraft:campfire":1,"minecraft:oak_log":6,"minecraft:wooden_hoe":8,"minecraft:diamond_pickaxe":289,"minecraft:apple":26,"minecraft:oxeye_daisy":1,"minecraft:diamond_shovel":898,"minecraft:cherry_door":11,"minecraft:suspicious_stew":1,"minecraft:iron_pickaxe":424,"minecraft:stone_axe":38,"minecraft:pink_petals":42,"minecraft:pink_bed":8,"minecraft:fishing_rod":6,"minecraft:cobblestone":48,"minecraft:cherry_stairs":87,"minecraft:cooked_porkchop":9,"minecraft:porkchop":6,"minecraft:bucket":175,"minecraft:dandelion":1},"minecraft:crafted":{"minecraft:oak_planks":154,"minecraft:cherry_slab":30,"minecraft:pink_bed":6,"minecraft:cooked_chicken":3,"minecraft:stone":47,"minecraft:diamond_shovel":1,"minecraft:pink_carpet":45,"minecraft:cooked_mutton":18,"minecraft:glass":10,"minecraft:chest":5,"minecraft:cherry_fence":39,"minecraft:emerald":42,"minecraft:cooked_porkchop":2,"minecraft:crafting_table":3,"minecraft:wooden_pickaxe":1,"minecraft:baked_potato":28,"minecraft:campfire":1,"minecraft:wooden_hoe":1,"minecraft:pink_wool":40,"minecraft:shield":2,"minecraft:stick":1416,"minecraft:iron_ingot":17,"minecraft:iron_pickaxe":2,"minecraft:white_terracotta":184,"minecraft:stone_sword":1,"minecraft:light_gray_dye":7,"minecraft:shears":1,"minecraft:cherry_planks":1252,"minecraft:fishing_rod":1,"minecraft:iron_nugget":9,"minecraft:furnace":3,"minecraft:bone_meal":36,"minecraft:pink_dye":47,"minecraft:terracotta":193,"minecraft:cherry_trapdoor":2,"minecraft:lantern":1,"minecraft:iron_axe":2,"minecraft:cherry_stairs":36,"minecraft:stone_pickaxe":2,"minecraft:cherry_fence_gate":2,"minecraft:cooked_beef":4,"minecraft:light_gray_terracotta":8,"minecraft:iron_sword":1,"minecraft:red_bed":6,"minecraft:bucket":1,"minecraft:stone_axe":2,"minecraft:white_dye":25,"minecraft:cherry_door":12,"minecraft:white_bed":1,"minecraft:torch":8,"minecraft:clay":193},"minecraft:picked_up":{"minecraft:wheat":111,"minecraft:suspicious_stew":6,"minecraft:lead":3,"minecraft:diamond_sword":4,"minecraft:oak_stairs":70,"minecraft:string":5,"minecraft:raw_copper":29,"minecraft:beetroot":21,"minecraft:diamond_leggings":4,"minecraft:smooth_stone":1,"minecraft:bucket":1,"minecraft:iron_pickaxe":1,"minecraft:furnace":1,"minecraft:stick":147,"minecraft:oak_fence":19,"minecraft:torch":38,"minecraft:pink_carpet":14,"minecraft:porkchop":19,"minecraft:cherry_log":391,"minecraft:pointed_dripstone":2,"minecraft:diorite":5,"minecraft:cauldron":9,"minecraft:stone_sword":3,"minecraft:rotten_flesh":33,"minecraft:white_terracotta":16,"minecraft:cobblestone":760,"minecraft:pink_petals":100,"minecraft:leather_chestplate":4,"minecraft:cherry_planks":602,"minecraft:cherry_leaves":516,"minecraft:jungle_log":117,"minecraft:brown_wool":19,"minecraft:golden_leggings":1,"minecraft:potato":90,"minecraft:flint":2,"minecraft:light_gray_dye":12,"minecraft:cherry_fence":15,"minecraft:lantern":16,"minecraft:lapis_lazuli":23,"minecraft:cherry_door":1,"minecraft:dirt":1525,"minecraft:bone":36,"minecraft:bow":1,"minecraft:wheat_seeds":310,"minecraft:bell":3,"minecraft:diamond_helmet":4,"minecraft:oak_planks":551,"minecraft:cooked_porkchop":7,"minecraft:jungle_planks":11,"minecraft:sand":71,"minecraft:grass_block":1,"minecraft:mossy_cobblestone":34,"minecraft:light_gray_terracotta":9,"minecraft:bone_meal":161,"minecraft:golden_apple":12,"minecraft:emerald":56,"minecraft:bread":10,"minecraft:oak_sapling":6,"minecraft:cherry_slab":37,"minecraft:oak_leaves":2,"minecraft:diamond_pickaxe":3,"minecraft:crafting_table":6,"minecraft:azure_bluet":1,"minecraft:ladder":8,"minecraft:clay_ball":820,"minecraft:wooden_pickaxe":1,"minecraft:shield":2,"minecraft:iron_axe":1,"minecraft:iron_shovel":1,"minecraft:beef":4,"minecraft:jungle_sapling":32,"minecraft:iron_nugget":2,"minecraft:poppy":2,"minecraft:light_gray_wool":11,"minecraft:chest":1,"minecraft:cherry_trapdoor":12,"minecraft:raw_iron":21,"minecraft:cherry_stairs":13,"minecraft:oak_door":4,"minecraft:cookie":163,"minecraft:carrot":177,"minecraft:cherry_fence_gate":1,"minecraft:arrow":25,"minecraft:stone_shovel":7,"minecraft:diamond_chestplate":4,"minecraft:beetroot_seeds":52,"minecraft:shears":1,"minecraft:diamond_boots":3,"minecraft:gold_ingot":4,"minecraft:mutton":18,"minecraft:bone_block":46,"minecraft:white_wool":15,"minecraft:oxeye_daisy":10,"minecraft:stripped_oak_log":25,"minecraft:golden_carrot":41,"minecraft:salmon":48,"minecraft:leather":6,"minecraft:oak_log":24,"minecraft:gunpowder":2,"minecraft:cobblestone_wall":3,"minecraft:cobblestone_stairs":11,"minecraft:apple":128,"minecraft:iron_ingot":4,"minecraft:stone_pickaxe":3,"minecraft:stripped_oak_wood":1,"minecraft:iron_sword":3,"minecraft:oak_slab":1,"minecraft:pink_bed":2,"minecraft:milk_bucket":1,"minecraft:dandelion":3,"minecraft:dripstone_block":1,"minecraft:gravel":19,"minecraft:white_bed":2,"minecraft:spider_eye":1,"minecraft:diamond_shovel":1,"minecraft:stone_axe":3,"minecraft:diamond_axe":12,"minecraft:cherry_sapling":101,"minecraft:gray_wool":11,"minecraft:terracotta":8,"minecraft:baked_potato":28,"minecraft:coal":140,"minecraft:pink_dye":1,"minecraft:ender_pearl":2,"minecraft:sunflower":2},"minecraft:killed_by":{"minecraft:iron_golem":1,"minecraft:skeleton":5},"minecraft:custom":{"minecraft:animals_bred":14,"minecraft:interact_with_crafting_table":118,"minecraft:bell_ring":76,"minecraft:leave_game":13,"minecraft:time_since_death":492817,"minecraft:sprint_one_cm":1722275,"minecraft:damage_blocked_by_shield":3177,"minecraft:drop":839,"minecraft:talked_to_villager":67,"minecraft:play_time":743775,"minecraft:deaths":6,"minecraft:jump":9322,"minecraft:walk_on_water_one_cm":358691,"minecraft:interact_with_furnace":86,"minecraft:traded_with_villager":50,"minecraft:sleep_in_bed":25,"minecraft:damage_dealt":12809,"minecraft:player_kills":4,"minecraft:crouch_one_cm":66366,"minecraft:mob_kills":87,"minecraft:fill_cauldron":6,"minecraft:climb_one_cm":5193,"minecraft:walk_one_cm":2599915,"minecraft:damage_dealt_absorbed":218,"minecraft:sneak_time":23459,"minecraft:walk_under_water_one_cm":301017,"minecraft:interact_with_blast_furnace":1,"minecraft:total_world_time":743775,"minecraft:time_since_rest":1086,"minecraft:damage_taken":5263,"minecraft:damage_absorbed":118,"minecraft:swim_one_cm":345876,"minecraft:fly_one_cm":1540171,"minecraft:open_chest":316,"minecraft:fall_one_cm":166576},"minecraft:broken":{"minecraft:stone_pickaxe":1,"minecraft:stone_shovel":3,"minecraft:shield":1,"minecraft:diamond_axe":1,"minecraft:iron_axe":2,"minecraft:iron_pickaxe":1},"minecraft:killed":{"minecraft:zombified_piglin":3,"minecraft:spider":3,"minecraft:skeleton":11,"minecraft:pig":7,"minecraft:salmon":26,"minecraft:creeper":2,"minecraft:sheep":4,"minecraft:trader_llama":2,"minecraft:zombie":17,"minecraft:cow":2,"minecraft:drowned":3,"minecraft:wandering_trader":1,"minecraft:villager":3,"minecraft:enderman":2},"minecraft:dropped":{"minecraft:iron_sword":1,"minecraft:porkchop":1,"minecraft:diamond_axe":4,"minecraft:baked_potato":1,"minecraft:cookie":2,"minecraft:emerald":43,"minecraft:cobblestone_stairs":1,"minecraft:dirt":409,"minecraft:cherry_trapdoor":2,"minecraft:bone_meal":1,"minecraft:sand":12,"minecraft:stripped_oak_wood":1,"minecraft:bone":3,"minecraft:oak_door":1,"minecraft:gravel":5,"minecraft:stone_axe":1,"minecraft:cherry_stairs":2,"minecraft:iron_nugget":2,"minecraft:pink_dye":1,"minecraft:wheat":19,"minecraft:cherry_sapling":1,"minecraft:rotten_flesh":4,"minecraft:oak_planks":141,"minecraft:diamond_shovel":1,"minecraft:salmon":5,"minecraft:carrot":7,"minecraft:poppy":1,"minecraft:leather_chestplate":2,"minecraft:gunpowder":1,"minecraft:beetroot_seeds":21,"minecraft:arrow":16,"minecraft:iron_ingot":1,"minecraft:bread":10,"minecraft:wheat_seeds":24,"minecraft:cherry_log":192,"minecraft:diamond_leggings":1,"minecraft:feather":2,"minecraft:oak_fence":3,"minecraft:cobblestone":422,"minecraft:golden_apple":1,"minecraft:stick":27,"minecraft:gray_wool":1,"minecraft:milk_bucket":2,"minecraft:torch":1,"minecraft:cherry_planks":70,"minecraft:diamond_helmet":1,"minecraft:oak_stairs":1,"minecraft:iron_axe":1,"minecraft:iron_shovel":1,"minecraft:pink_petals":11,"minecraft:dandelion":2,"minecraft:stone_sword":1,"minecraft:cobblestone_wall":2,"minecraft:raw_copper":4,"minecraft:light_gray_terracotta":9,"minecraft:stone_shovel":2,"minecraft:cherry_slab":1,"minecraft:shears":1,"minecraft:diamond_sword":2,"minecraft:shield":2,"minecraft:diamond_chestplate":1,"minecraft:diamond_pickaxe":1,"minecraft:oak_sapling":20,"minecraft:spider_eye":1,"minecraft:light_gray_dye":18,"minecraft:stone_pickaxe":1}},"DataVersion":3955}