{"stats":{"minecraft:picked_up":{"minecraft:crafting_table":6,"minecraft:wheat":60,"minecraft:azure_bluet":1,"minecraft:clay_ball":304,"minecraft:suspicious_stew":6,"minecraft:diamond_sword":1,"minecraft:wooden_pickaxe":1,"minecraft:oak_stairs":2,"minecraft:shield":2,"minecraft:string":3,"minecraft:raw_copper":29,"minecraft:iron_axe":1,"minecraft:beetroot":15,"minecraft:diamond_leggings":3,"minecraft:beef":2,"minecraft:jungle_sapling":30,"minecraft:iron_pickaxe":1,"minecraft:chest":1,"minecraft:furnace":1,"minecraft:stick":147,"minecraft:raw_iron":21,"minecraft:oak_door":2,"minecraft:oak_fence":3,"minecraft:torch":24,"minecraft:porkchop":16,"minecraft:cherry_log":354,"minecraft:cookie":163,"minecraft:pointed_dripstone":2,"minecraft:diorite":5,"minecraft:carrot":96,"minecraft:stone_shovel":6,"minecraft:rotten_flesh":10,"minecraft:stone_sword":3,"minecraft:arrow":21,"minecraft:diamond_chestplate":3,"minecraft:beetroot_seeds":37,"minecraft:diamond_boots":2,"minecraft:gold_ingot":4,"minecraft:mutton":10,"minecraft:bone_block":46,"minecraft:cobblestone":552,"minecraft:oxeye_daisy":8,"minecraft:stripped_oak_log":9,"minecraft:pink_petals":13,"minecraft:leather_chestplate":4,"minecraft:cherry_planks":174,"minecraft:salmon":48,"minecraft:jungle_log":117,"minecraft:leather":4,"minecraft:potato":45,"minecraft:flint":2,"minecraft:light_gray_dye":12,"minecraft:cobblestone_wall":2,"minecraft:cobblestone_stairs":1,"minecraft:lapis_lazuli":23,"minecraft:dirt":720,"minecraft:bone":22,"minecraft:apple":128,"minecraft:wheat_seeds":162,"minecraft:bell":3,"minecraft:stone_pickaxe":3,"minecraft:iron_ingot":4,"minecraft:stripped_oak_wood":1,"minecraft:diamond_helmet":3,"minecraft:oak_planks":454,"minecraft:iron_sword":3,"minecraft:cooked_porkchop":7,"minecraft:dandelion":2,"minecraft:dripstone_block":1,"minecraft:gravel":17,"minecraft:jungle_planks":11,"minecraft:sand":2,"minecraft:light_gray_terracotta":9,"minecraft:diamond_shovel":1,"minecraft:stone_axe":3,"minecraft:diamond_axe":9,"minecraft:cherry_sapling":93,"minecraft:bone_meal":160,"minecraft:golden_apple":4,"minecraft:bread":10,"minecraft:emerald":1,"minecraft:baked_potato":28,"minecraft:cherry_slab":1,"minecraft:oak_sapling":4,"minecraft:coal":116,"minecraft:sunflower":2,"minecraft:diamond_pickaxe":2},"minecraft:mined":{"minecraft:oak_sapling":4,"minecraft:cherry_log":29,"minecraft:cherry_sapling":14,"minecraft:grass_block":100,"minecraft:oxeye_daisy":8,"minecraft:tall_seagrass":3,"minecraft:furnace":1,"minecraft:carrots":23,"minecraft:iron_ore":14,"minecraft:azure_bluet":1,"minecraft:bell":3,"minecraft:potatoes":15,"minecraft:dirt_path":34,"minecraft:oak_stairs":2,"minecraft:stripped_oak_log":12,"minecraft:stone":463,"minecraft:cherry_planks":33,"minecraft:dandelion":1,"minecraft:clay":66,"minecraft:crafting_table":1,"minecraft:torch":9,"minecraft:short_grass":28,"minecraft:emerald_ore":1,"minecraft:copper_ore":3,"minecraft:tall_grass":7,"minecraft:cobblestone":20,"minecraft:oak_planks":335,"minecraft:diorite":5,"minecraft:wall_torch":1,"minecraft:cherry_slab":1,"minecraft:pink_petals":3,"minecraft:seagrass":1,"minecraft:wheat":61,"minecraft:coal_ore":70,"minecraft:beetroots":16,"minecraft:cherry_leaves":5,"minecraft:gravel":10,"minecraft:dripstone_block":1,"minecraft:dirt":249,"minecraft:oak_leaves":2},"minecraft:custom":{"minecraft:mob_kills":50,"minecraft:interact_with_crafting_table":48,"minecraft:bell_ring":76,"minecraft:leave_game":2,"minecraft:time_since_death":38687,"minecraft:climb_one_cm":2091,"minecraft:sprint_one_cm":702133,"minecraft:walk_one_cm":779309,"minecraft:damage_blocked_by_shield":3177,"minecraft:drop":712,"minecraft:damage_dealt_absorbed":218,"minecraft:talked_to_villager":48,"minecraft:play_time":289645,"minecraft:deaths":6,"minecraft:sneak_time":8269,"minecraft:walk_under_water_one_cm":127283,"minecraft:jump":4615,"minecraft:walk_on_water_one_cm":132690,"minecraft:total_world_time":289645,"minecraft:interact_with_furnace":50,"minecraft:traded_with_villager":19,"minecraft:sleep_in_bed":6,"minecraft:time_since_rest":10202,"minecraft:damage_taken":3575,"minecraft:damage_dealt":6021,"minecraft:swim_one_cm":133158,"minecraft:player_kills":3,"minecraft:fly_one_cm":804605,"minecraft:open_chest":88,"minecraft:crouch_one_cm":19994,"minecraft:fall_one_cm":118304},"minecraft:dropped":{"minecraft:iron_ingot":1,"minecraft:bread":10,"minecraft:iron_sword":1,"minecraft:porkchop":1,"minecraft:wheat_seeds":24,"minecraft:diamond_axe":2,"minecraft:cherry_log":192,"minecraft:baked_potato":1,"minecraft:diamond_leggings":1,"minecraft:oak_fence":3,"minecraft:feather":2,"minecraft:cookie":1,"minecraft:cobblestone":421,"minecraft:stick":27,"minecraft:cobblestone_stairs":1,"minecraft:emerald":6,"minecraft:dirt":343,"minecraft:diamond_helmet":1,"minecraft:oak_stairs":1,"minecraft:iron_axe":1,"minecraft:stripped_oak_wood":1,"minecraft:dandelion":1,"minecraft:bone":2,"minecraft:oak_door":1,"minecraft:gravel":5,"minecraft:stone_axe":1,"minecraft:stone_sword":1,"minecraft:cobblestone_wall":2,"minecraft:raw_copper":4,"minecraft:light_gray_terracotta":9,"minecraft:stone_shovel":1,"minecraft:cherry_sapling":1,"minecraft:rotten_flesh":4,"minecraft:oak_planks":141,"minecraft:diamond_shovel":1,"minecraft:cherry_slab":1,"minecraft:carrot":7,"minecraft:leather_chestplate":2,"minecraft:shield":2,"minecraft:diamond_chestplate":1,"minecraft:diamond_pickaxe":1,"minecraft:beetroot_seeds":21,"minecraft:oak_sapling":20,"minecraft:light_gray_dye":18,"minecraft:arrow":16,"minecraft:stone_pickaxe":1},"minecraft:killed_by":{"minecraft:iron_golem":1,"minecraft:skeleton":5},"minecraft:used":{"minecraft:beetroot":12,"minecraft:cherry_sapling":61,"minecraft:stone_sword":1,"minecraft:stone_shovel":425,"minecraft:chest":4,"minecraft:shield":46,"minecraft:iron_sword":233,"minecraft:bell":3,"minecraft:torch":5,"minecraft:dirt":32,"minecraft:carrot":38,"minecraft:azure_bluet":1,"minecraft:iron_axe":263,"minecraft:furnace":3,"minecraft:beetroot_seeds":11,"minecraft:cooked_beef":1,"minecraft:potato":21,"minecraft:cherry_log":25,"minecraft:wheat_seeds":66,"minecraft:diorite":5,"minecraft:stone_pickaxe":232,"minecraft:oak_planks":2,"minecraft:baked_potato":22,"minecraft:wooden_pickaxe":12,"minecraft:leather_chestplate":3,"minecraft:cherry_planks":446,"minecraft:diamond_axe":230,"minecraft:cookie":34,"minecraft:crafting_table":3,"minecraft:diamond_pickaxe":31,"minecraft:apple":2,"minecraft:suspicious_stew":1,"minecraft:iron_pickaxe":327,"minecraft:gravel":4,"minecraft:stone_axe":38,"minecraft:fishing_rod":6,"minecraft:cobblestone":46,"minecraft:cherry_stairs":1,"minecraft:cooked_porkchop":9,"minecraft:porkchop":6,"minecraft:dandelion":1,"minecraft:bone_meal":1},"minecraft:crafted":{"minecraft:cherry_planks":728,"minecraft:oak_planks":154,"minecraft:fishing_rod":1,"minecraft:furnace":3,"minecraft:bone_meal":24,"minecraft:cooked_mutton":10,"minecraft:terracotta":64,"minecraft:iron_axe":2,"minecraft:cherry_stairs":12,"minecraft:stone_pickaxe":2,"minecraft:chest":3,"minecraft:cooked_beef":1,"minecraft:light_gray_terracotta":8,"minecraft:emerald":18,"minecraft:cooked_porkchop":2,"minecraft:crafting_table":3,"minecraft:wooden_pickaxe":1,"minecraft:baked_potato":28,"minecraft:iron_sword":1,"minecraft:stone_axe":2,"minecraft:shield":2,"minecraft:white_dye":25,"minecraft:stick":632,"minecraft:iron_ingot":17,"minecraft:iron_pickaxe":2,"minecraft:white_terracotta":48,"minecraft:stone_sword":1,"minecraft:light_gray_dye":7,"minecraft:torch":8,"minecraft:shears":1,"minecraft:clay":64},"minecraft:broken":{"minecraft:stone_pickaxe":1,"minecraft:shield":1,"minecraft:iron_axe":2,"minecraft:iron_pickaxe":1,"minecraft:stone_shovel":2},"minecraft:killed":{"minecraft:spider":1,"minecraft:skeleton":6,"minecraft:drowned":2,"minecraft:pig":6,"minecraft:salmon":26,"minecraft:zombie":4,"minecraft:villager":3,"minecraft:cow":1}},"DataVersion":3955}