{"stats":{"minecraft:mined":{"minecraft:white_bed":3,"minecraft:oak_sapling":6,"minecraft:farmland":47,"minecraft:pink_bed":3,"minecraft:cobblestone_stairs":17,"minecraft:cherry_log":77,"minecraft:cherry_trapdoor":10,"minecraft:grass_block":283,"minecraft:yellow_carpet":3,"minecraft:oak_pressure_plate":1,"minecraft:soul_soil":9,"minecraft:crimson_fungus":1,"minecraft:oxeye_daisy":9,"minecraft:smooth_stone":2,"minecraft:polished_blackstone_bricks":2,"minecraft:tall_seagrass":7,"minecraft:iron_ore":14,"minecraft:fire":46,"minecraft:azure_bluet":1,"minecraft:water_cauldron":6,"minecraft:dirt_path":176,"minecraft:oak_stairs":111,"minecraft:brown_mushroom":3,"minecraft:quartz_block":1,"minecraft:red_bed":3,"minecraft:crimson_nylium":6,"minecraft:soul_fire":2,"minecraft:clay":201,"minecraft:torch":9,"minecraft:poppy":2,"minecraft:chest":1,"minecraft:glass":3,"minecraft:cobblestone":271,"minecraft:oak_planks":513,"minecraft:wall_torch":11,"minecraft:cauldron":3,"minecraft:cherry_slab":36,"minecraft:pink_petals":78,"minecraft:seagrass":2,"minecraft:white_terracotta":25,"minecraft:cherry_fence":20,"minecraft:nether_wart_block":1,"minecraft:wheat":128,"minecraft:yellow_stained_glass_pane":1,"minecraft:oak_log":57,"minecraft:beetroots":36,"minecraft:sand":72,"minecraft:dirt":812,"minecraft:crimson_planks":1,"minecraft:netherrack":18,"minecraft:oak_leaves":6,"minecraft:pink_carpet":61,"minecraft:mossy_cobblestone":41,"minecraft:oak_door":1,"minecraft:cherry_sapling":24,"minecraft:stripped_cherry_log":3,"minecraft:jungle_planks":4,"minecraft:crimson_stem":2,"minecraft:furnace":2,"minecraft:carrots":50,"minecraft:bell":3,"minecraft:potatoes":29,"minecraft:cobblestone_slab":1,"minecraft:lantern":26,"minecraft:stripped_oak_log":44,"minecraft:stone":486,"minecraft:cherry_fence_gate":1,"minecraft:cherry_stairs":24,"minecraft:white_wool":1,"minecraft:glass_pane":17,"minecraft:cherry_planks":475,"minecraft:soul_sand":4,"minecraft:dandelion":2,"minecraft:oak_fence":15,"minecraft:crafting_table":2,"minecraft:short_grass":60,"minecraft:emerald_ore":1,"minecraft:copper_ore":3,"minecraft:tall_grass":8,"minecraft:diorite":5,"minecraft:cobblestone_wall":1,"minecraft:yellow_bed":1,"minecraft:coal_ore":94,"minecraft:gravel":12,"minecraft:cherry_leaves":70,"minecraft:sunflower":1,"minecraft:dripstone_block":1},"minecraft:used":{"minecraft:beetroot":12,"minecraft:cherry_sapling":89,"minecraft:poppy":1,"minecraft:chest":8,"minecraft:iron_sword":249,"minecraft:shield":46,"minecraft:white_terracotta":209,"minecraft:stone":32,"minecraft:bell":3,"minecraft:jungle_planks":133,"minecraft:carrot":65,"minecraft:azure_bluet":1,"minecraft:milk_bucket":14,"minecraft:glass":34,"minecraft:jungle_sapling":2,"minecraft:grass_block":4,"minecraft:lantern":66,"minecraft:quartz_block":1,"minecraft:cherry_leaves":103,"minecraft:bow":7,"minecraft:furnace":3,"minecraft:beetroot_seeds":17,"minecraft:potato":43,"minecraft:diorite":5,"minecraft:diamond_boots":1,"minecraft:stone_pickaxe":232,"minecraft:oak_planks":12,"minecraft:wooden_pickaxe":12,"minecraft:leather_chestplate":3,"minecraft:diamond_axe":1793,"minecraft:cookie":97,"minecraft:white_wool":1,"minecraft:golden_apple":8,"minecraft:crossbow":11,"minecraft:shears":32,"minecraft:gravel":6,"minecraft:nether_wart_block":92,"minecraft:diamond_sword":257,"minecraft:stripped_cherry_log":3,"minecraft:bone_meal":123,"minecraft:cherry_boat":13,"minecraft:oak_fence":7,"minecraft:stone_sword":1,"minecraft:stone_shovel":510,"minecraft:cooked_chicken":3,"minecraft:netherrack":8,"minecraft:torch":16,"minecraft:dirt":959,"minecraft:diamond_helmet":1,"minecraft:pink_carpet":165,"minecraft:iron_axe":263,"minecraft:oak_stairs":3,"minecraft:cherry_slab":36,"minecraft:cherry_trapdoor":10,"minecraft:cherry_fence_gate":4,"minecraft:crimson_planks":212,"minecraft:diamond_chestplate":1,"minecraft:golden_carrot":27,"minecraft:beef":2,"minecraft:cooked_beef":4,"minecraft:cherry_fence":54,"minecraft:cherry_log":391,"minecraft:wheat_seeds":99,"minecraft:cooked_mutton":10,"minecraft:water_bucket":176,"minecraft:baked_potato":22,"minecraft:cherry_planks":1769,"minecraft:brown_mushroom":3,"minecraft:cauldron":9,"minecraft:polished_blackstone_bricks":1,"minecraft:salmon":2,"minecraft:mossy_cobblestone":10,"minecraft:crafting_table":3,"minecraft:campfire":1,"minecraft:white_bed":3,"minecraft:oak_log":19,"minecraft:wooden_hoe":8,"minecraft:diamond_pickaxe":395,"minecraft:apple":42,"minecraft:oxeye_daisy":1,"minecraft:diamond_shovel":1025,"minecraft:cherry_door":18,"minecraft:suspicious_stew":1,"minecraft:iron_pickaxe":424,"minecraft:stone_axe":38,"minecraft:pink_petals":96,"minecraft:pink_bed":18,"minecraft:fishing_rod":6,"minecraft:cherry_stairs":181,"minecraft:cobblestone":48,"minecraft:porkchop":6,"minecraft:cooked_porkchop":12,"minecraft:bucket":177,"minecraft:glass_pane":1,"minecraft:pumpkin_pie":21,"minecraft:dandelion":1,"minecraft:smooth_stone":1,"minecraft:diamond_leggings":1},"minecraft:broken":{"minecraft:stone_pickaxe":1,"minecraft:stone_shovel":3,"minecraft:shield":1,"minecraft:diamond_axe":2,"minecraft:iron_axe":2,"minecraft:iron_pickaxe":1},"minecraft:killed":{"minecraft:zombified_piglin":13,"minecraft:spider":3,"minecraft:skeleton":16,"minecraft:piglin_brute":1,"minecraft:magma_cube":7,"minecraft:piglin":6,"minecraft:pig":7,"minecraft:zombie_villager":1,"minecraft:salmon":42,"minecraft:iron_golem":1,"minecraft:creeper":2,"minecraft:sheep":5,"minecraft:trader_llama":2,"minecraft:zombie":23,"minecraft:ghast":1,"minecraft:blaze":1,"minecraft:cow":4,"minecraft:drowned":4,"minecraft:wandering_trader":1,"minecraft:hoglin":2,"minecraft:wither_skeleton":2,"minecraft:villager":3,"minecraft:enderman":3},"minecraft:custom":{"minecraft:animals_bred":14,"minecraft:interact_with_crafting_table":142,"minecraft:bell_ring":146,"minecraft:leave_game":19,"minecraft:time_since_death":935857,"minecraft:sprint_one_cm":2727044,"minecraft:damage_blocked_by_shield":3177,"minecraft:drop":1059,"minecraft:talked_to_villager":113,"minecraft:play_time":1186815,"minecraft:deaths":6,"minecraft:jump":13390,"minecraft:walk_on_water_one_cm":436169,"minecraft:interact_with_furnace":96,"minecraft:traded_with_villager":118,"minecraft:sleep_in_bed":45,"minecraft:damage_dealt":21507,"minecraft:player_kills":9,"minecraft:crouch_one_cm":125642,"minecraft:horse_one_cm":120933,"minecraft:mob_kills":155,"minecraft:fill_cauldron":6,"minecraft:climb_one_cm":7746,"minecraft:walk_one_cm":4058404,"minecraft:damage_dealt_absorbed":222,"minecraft:sneak_time":40226,"minecraft:walk_under_water_one_cm":381487,"minecraft:boat_one_cm":241258,"minecraft:interact_with_blast_furnace":1,"minecraft:total_world_time":1186815,"minecraft:time_since_rest":21621,"minecraft:damage_taken":7007,"minecraft:damage_absorbed":156,"minecraft:swim_one_cm":426535,"minecraft:fly_one_cm":2224541,"minecraft:open_chest":483,"minecraft:fall_one_cm":240446},"minecraft:killed_by":{"minecraft:iron_golem":1,"minecraft:skeleton":5},"minecraft:dropped":{"minecraft:iron_sword":3,"minecraft:brown_mushroom":2,"minecraft:porkchop":1,"minecraft:diamond_axe":5,"minecraft:oak_log":59,"minecraft:baked_potato":1,"minecraft:cookie":2,"minecraft:leather":6,"minecraft:emerald":43,"minecraft:cobblestone_stairs":5,"minecraft:dirt":410,"minecraft:cherry_trapdoor":2,"minecraft:pumpkin_pie":3,"minecraft:bone_meal":1,"minecraft:sand":12,"minecraft:stripped_oak_wood":1,"minecraft:bone":3,"minecraft:oak_door":4,"minecraft:gravel":5,"minecraft:stone_axe":1,"minecraft:iron_nugget":3,"minecraft:cherry_stairs":2,"minecraft:pink_bed":1,"minecraft:pig_spawn_egg":2,"minecraft:pink_dye":1,"minecraft:wheat":19,"minecraft:cherry_sapling":1,"minecraft:rotten_flesh":19,"minecraft:oak_planks":216,"minecraft:diamond_shovel":1,"minecraft:salmon":15,"minecraft:carrot":7,"minecraft:poppy":4,"minecraft:leather_chestplate":2,"minecraft:gunpowder":1,"minecraft:quartz_block":2,"minecraft:beetroot_seeds":21,"minecraft:arrow":16,"minecraft:beef":2,"minecraft:oak_leaves":2,"minecraft:cherry_fence":1,"minecraft:crimson_planks":1,"minecraft:iron_ingot":1,"minecraft:water_bucket":1,"minecraft:bread":10,"minecraft:oak_slab":12,"minecraft:wheat_seeds":26,"minecraft:cherry_log":192,"minecraft:mossy_cobblestone":38,"minecraft:diamond_leggings":1,"minecraft:feather":2,"minecraft:oak_fence":18,"minecraft:cobblestone":509,"minecraft:golden_apple":1,"minecraft:stick":27,"minecraft:gray_wool":1,"minecraft:milk_bucket":2,"minecraft:torch":1,"minecraft:cherry_planks":70,"minecraft:diamond_helmet":1,"minecraft:oak_stairs":69,"minecraft:iron_axe":1,"minecraft:smooth_stone":2,"minecraft:iron_shovel":1,"minecraft:pink_petals":15,"minecraft:dandelion":2,"minecraft:furnace":1,"minecraft:stone_sword":1,"minecraft:cobblestone_wall":4,"minecraft:raw_copper":11,"minecraft:light_gray_terracotta":9,"minecraft:stone_shovel":2,"minecraft:cherry_slab":1,"minecraft:shears":1,"minecraft:suspicious_stew":5,"minecraft:diamond_sword":3,"minecraft:shield":2,"minecraft:diamond_chestplate":1,"minecraft:diamond_pickaxe":1,"minecraft:golden_leggings":1,"minecraft:oak_sapling":23,"minecraft:golden_sword":2,"minecraft:stripped_cherry_log":1,"minecraft:spider_eye":4,"minecraft:light_gray_dye":18,"minecraft:stone_pickaxe":1,"minecraft:bow":2},"minecraft:picked_up":{"minecraft:wheat":124,"minecraft:nether_brick_fence":1,"minecraft:suspicious_stew":6,"minecraft:lead":8,"minecraft:diamond_sword":5,"minecraft:oak_stairs":207,"minecraft:crimson_planks":2,"minecraft:golden_sword":2,"minecraft:string":5,"minecraft:soul_soil":5,"minecraft:raw_copper":29,"minecraft:beetroot":35,"minecraft:cherry_boat":17,"minecraft:diamond_leggings":4,"minecraft:gold_nugget":15,"minecraft:smooth_stone":6,"minecraft:bucket":1,"minecraft:iron_pickaxe":1,"minecraft:furnace":2,"minecraft:stick":173,"minecraft:oak_fence":49,"minecraft:torch":58,"minecraft:pink_carpet":66,"minecraft:porkchop":47,"minecraft:cherry_log":415,"minecraft:pointed_dripstone":2,"minecraft:diorite":5,"minecraft:cauldron":9,"minecraft:quartz_block":3,"minecraft:stone_sword":3,"minecraft:rotten_flesh":88,"minecraft:white_terracotta":25,"minecraft:blaze_rod":5,"minecraft:cobblestone":914,"minecraft:pink_petals":258,"minecraft:leather_chestplate":4,"minecraft:magma_cream":3,"minecraft:cherry_planks":695,"minecraft:cherry_leaves":553,"minecraft:jungle_log":117,"minecraft:brown_wool":32,"minecraft:golden_leggings":1,"minecraft:potato":91,"minecraft:flint":2,"minecraft:light_gray_dye":12,"minecraft:cherry_fence":21,"minecraft:lapis_lazuli":23,"minecraft:cherry_door":1,"minecraft:dirt":1647,"minecraft:lantern":27,"minecraft:glass":1,"minecraft:bone":52,"minecraft:bow":3,"minecraft:wheat_seeds":345,"minecraft:bell":3,"minecraft:diamond_helmet":4,"minecraft:oak_planks":831,"minecraft:cooked_porkchop":7,"minecraft:pig_spawn_egg":2,"minecraft:oak_pressure_plate":1,"minecraft:sand":71,"minecraft:jungle_planks":145,"minecraft:grass_block":2,"minecraft:mossy_cobblestone":48,"minecraft:light_gray_terracotta":9,"minecraft:yellow_carpet":3,"minecraft:bone_meal":161,"minecraft:golden_apple":12,"minecraft:emerald":56,"minecraft:bread":10,"minecraft:oak_sapling":7,"minecraft:cherry_slab":39,"minecraft:netherrack":19,"minecraft:oak_leaves":2,"minecraft:diamond_pickaxe":3,"minecraft:crafting_table":6,"minecraft:azure_bluet":1,"minecraft:ladder":8,"minecraft:clay_ball":820,"minecraft:brown_mushroom":5,"minecraft:wooden_pickaxe":1,"minecraft:gold_block":1,"minecraft:stripped_cherry_log":4,"minecraft:shield":2,"minecraft:red_bed":4,"minecraft:iron_axe":1,"minecraft:iron_shovel":1,"minecraft:glass_pane":1,"minecraft:beef":10,"minecraft:jungle_sapling":32,"minecraft:iron_nugget":2,"minecraft:poppy":7,"minecraft:light_gray_wool":15,"minecraft:chest":2,"minecraft:cherry_trapdoor":12,"minecraft:raw_iron":21,"minecraft:cherry_stairs":26,"minecraft:oak_door":11,"minecraft:polished_blackstone_bricks":1,"minecraft:cookie":163,"minecraft:carrot":177,"minecraft:cherry_fence_gate":1,"minecraft:stone_shovel":7,"minecraft:arrow":37,"minecraft:weeping_vines":2,"minecraft:diamond_chestplate":4,"minecraft:beetroot_seeds":94,"minecraft:shears":1,"minecraft:diamond_boots":3,"minecraft:gold_ingot":5,"minecraft:mutton":20,"minecraft:bone_block":67,"minecraft:white_wool":21,"minecraft:oxeye_daisy":10,"minecraft:stripped_oak_log":41,"minecraft:golden_carrot":56,"minecraft:crimson_stem":1,"minecraft:salmon":64,"minecraft:leather":27,"minecraft:oak_log":177,"minecraft:cobblestone_wall":5,"minecraft:golden_boots":1,"minecraft:yellow_bed":1,"minecraft:gunpowder":2,"minecraft:cobblestone_stairs":17,"minecraft:apple":128,"minecraft:iron_ingot":12,"minecraft:stone_pickaxe":3,"minecraft:stripped_oak_wood":1,"minecraft:iron_sword":4,"minecraft:soul_sand":4,"minecraft:pink_bed":6,"minecraft:oak_slab":19,"minecraft:milk_bucket":1,"minecraft:dandelion":3,"minecraft:dripstone_block":1,"minecraft:gravel":19,"minecraft:white_bed":2,"minecraft:green_carpet":2,"minecraft:spider_eye":4,"minecraft:diamond_shovel":1,"minecraft:stone_axe":3,"minecraft:diamond_axe":13,"minecraft:cherry_sapling":108,"minecraft:gray_wool":17,"minecraft:terracotta":8,"minecraft:baked_potato":28,"minecraft:coal":146,"minecraft:pink_dye":1,"minecraft:ender_pearl":2,"minecraft:sunflower":2},"minecraft:crafted":{"minecraft:oak_planks":698,"minecraft:cherry_slab":30,"minecraft:pink_bed":13,"minecraft:cooked_chicken":3,"minecraft:cherry_boat":5,"minecraft:stone":47,"minecraft:diamond_shovel":1,"minecraft:pink_carpet":101,"minecraft:cooked_mutton":20,"minecraft:glass":16,"minecraft:bow":1,"minecraft:chest":5,"minecraft:cherry_fence":39,"minecraft:emerald":100,"minecraft:cooked_porkchop":2,"minecraft:crafting_table":3,"minecraft:wooden_pickaxe":1,"minecraft:baked_potato":28,"minecraft:campfire":1,"minecraft:wooden_hoe":1,"minecraft:pink_wool":80,"minecraft:shield":2,"minecraft:stick":3204,"minecraft:iron_ingot":17,"minecraft:iron_pickaxe":2,"minecraft:white_terracotta":184,"minecraft:stone_sword":1,"minecraft:light_gray_dye":7,"minecraft:shears":1,"minecraft:cherry_planks":1448,"minecraft:fishing_rod":1,"minecraft:iron_nugget":9,"minecraft:furnace":3,"minecraft:bone_meal":36,"minecraft:pink_dye":122,"minecraft:terracotta":193,"minecraft:cherry_trapdoor":2,"minecraft:lantern":1,"minecraft:iron_axe":2,"minecraft:cherry_stairs":36,"minecraft:stone_pickaxe":2,"minecraft:cherry_fence_gate":3,"minecraft:cooked_beef":4,"minecraft:crimson_planks":240,"minecraft:light_gray_terracotta":8,"minecraft:iron_sword":1,"minecraft:red_bed":10,"minecraft:bucket":1,"minecraft:stone_axe":2,"minecraft:white_dye":25,"minecraft:cherry_door":18,"minecraft:white_bed":1,"minecraft:pumpkin_pie":24,"minecraft:torch":8,"minecraft:clay":193}},"DataVersion":3955}