{"stats":{"minecraft:mined":{"minecraft:white_bed":2,"minecraft:oak_sapling":6,"minecraft:farmland":47,"minecraft:pink_bed":3,"minecraft:cherry_log":71,"minecraft:cobblestone_stairs":17,"minecraft:cherry_trapdoor":10,"minecraft:grass_block":278,"minecraft:crimson_fungus":1,"minecraft:oxeye_daisy":9,"minecraft:polished_blackstone_bricks":2,"minecraft:smooth_stone":2,"minecraft:tall_seagrass":3,"minecraft:iron_ore":14,"minecraft:fire":46,"minecraft:azure_bluet":1,"minecraft:dirt_path":176,"minecraft:water_cauldron":6,"minecraft:oak_stairs":110,"minecraft:brown_mushroom":3,"minecraft:quartz_block":1,"minecraft:crimson_nylium":6,"minecraft:clay":201,"minecraft:torch":9,"minecraft:poppy":2,"minecraft:chest":1,"minecraft:glass":1,"minecraft:cobblestone":266,"minecraft:oak_planks":505,"minecraft:wall_torch":7,"minecraft:cauldron":3,"minecraft:cherry_slab":36,"minecraft:pink_petals":44,"minecraft:seagrass":1,"minecraft:white_terracotta":25,"minecraft:cherry_fence":15,"minecraft:nether_wart_block":1,"minecraft:wheat":115,"minecraft:yellow_stained_glass_pane":1,"minecraft:oak_log":44,"minecraft:beetroots":22,"minecraft:sand":72,"minecraft:dirt":811,"minecraft:crimson_planks":1,"minecraft:netherrack":18,"minecraft:oak_leaves":6,"minecraft:pink_carpet":29,"minecraft:mossy_cobblestone":40,"minecraft:oak_door":1,"minecraft:cherry_sapling":24,"minecraft:stripped_cherry_log":2,"minecraft:jungle_planks":4,"minecraft:crimson_stem":2,"minecraft:furnace":1,"minecraft:carrots":48,"minecraft:bell":3,"minecraft:potatoes":29,"minecraft:cobblestone_slab":1,"minecraft:lantern":23,"minecraft:stripped_oak_log":44,"minecraft:stone":486,"minecraft:cherry_fence_gate":1,"minecraft:cherry_stairs":20,"minecraft:white_wool":1,"minecraft:glass_pane":7,"minecraft:cherry_planks":412,"minecraft:dandelion":2,"minecraft:oak_fence":15,"minecraft:crafting_table":1,"minecraft:short_grass":54,"minecraft:emerald_ore":1,"minecraft:tall_grass":8,"minecraft:copper_ore":3,"minecraft:diorite":5,"minecraft:cobblestone_wall":1,"minecraft:coal_ore":94,"minecraft:gravel":12,"minecraft:cherry_leaves":41,"minecraft:sunflower":1,"minecraft:dripstone_block":1},"minecraft:custom":{"minecraft:animals_bred":14,"minecraft:interact_with_crafting_table":134,"minecraft:bell_ring":76,"minecraft:leave_game":16,"minecraft:time_since_death":722451,"minecraft:sprint_one_cm":2204720,"minecraft:damage_blocked_by_shield":3177,"minecraft:drop":865,"minecraft:talked_to_villager":90,"minecraft:play_time":973409,"minecraft:deaths":6,"minecraft:jump":11276,"minecraft:walk_on_water_one_cm":381617,"minecraft:interact_with_furnace":96,"minecraft:traded_with_villager":117,"minecraft:sleep_in_bed":35,"minecraft:damage_dealt":17010,"minecraft:player_kills":4,"minecraft:crouch_one_cm":117982,"minecraft:mob_kills":124,"minecraft:fill_cauldron":6,"minecraft:climb_one_cm":6168,"minecraft:walk_one_cm":3364786,"minecraft:damage_dealt_absorbed":222,"minecraft:sneak_time":36819,"minecraft:walk_under_water_one_cm":331930,"minecraft:interact_with_blast_furnace":1,"minecraft:total_world_time":973409,"minecraft:time_since_rest":61453,"minecraft:damage_taken":6103,"minecraft:damage_absorbed":156,"minecraft:swim_one_cm":350689,"minecraft:fly_one_cm":1845309,"minecraft:open_chest":385,"minecraft:fall_one_cm":203965},"minecraft:used":{"minecraft:beetroot":12,"minecraft:cherry_sapling":89,"minecraft:poppy":1,"minecraft:chest":7,"minecraft:shield":46,"minecraft:white_terracotta":209,"minecraft:stone":32,"minecraft:iron_sword":249,"minecraft:bell":3,"minecraft:jungle_planks":133,"minecraft:carrot":65,"minecraft:azure_bluet":1,"minecraft:milk_bucket":14,"minecraft:jungle_sapling":2,"minecraft:glass":17,"minecraft:lantern":53,"minecraft:grass_block":3,"minecraft:quartz_block":1,"minecraft:cherry_leaves":6,"minecraft:bow":7,"minecraft:furnace":3,"minecraft:beetroot_seeds":11,"minecraft:potato":42,"minecraft:diorite":5,"minecraft:stone_pickaxe":232,"minecraft:oak_planks":12,"minecraft:wooden_pickaxe":12,"minecraft:leather_chestplate":3,"minecraft:diamond_axe":1591,"minecraft:cookie":77,"minecraft:white_wool":1,"minecraft:golden_apple":8,"minecraft:crossbow":4,"minecraft:shears":9,"minecraft:gravel":6,"minecraft:nether_wart_block":92,"minecraft:diamond_sword":118,"minecraft:stripped_cherry_log":2,"minecraft:bone_meal":123,"minecraft:oak_fence":7,"minecraft:stone_sword":1,"minecraft:stone_shovel":510,"minecraft:cooked_chicken":3,"minecraft:netherrack":8,"minecraft:torch":5,"minecraft:dirt":952,"minecraft:pink_carpet":96,"minecraft:iron_axe":263,"minecraft:oak_stairs":3,"minecraft:cherry_slab":36,"minecraft:cherry_trapdoor":10,"minecraft:cherry_fence_gate":3,"minecraft:crimson_planks":212,"minecraft:golden_carrot":12,"minecraft:cooked_beef":4,"minecraft:cherry_fence":43,"minecraft:cherry_log":320,"minecraft:wheat_seeds":78,"minecraft:cooked_mutton":10,"minecraft:water_bucket":176,"minecraft:baked_potato":22,"minecraft:brown_mushroom":3,"minecraft:cherry_planks":1538,"minecraft:cauldron":9,"minecraft:polished_blackstone_bricks":1,"minecraft:salmon":2,"minecraft:crafting_table":3,"minecraft:campfire":1,"minecraft:white_bed":3,"minecraft:oak_log":6,"minecraft:wooden_hoe":8,"minecraft:diamond_pickaxe":381,"minecraft:apple":26,"minecraft:oxeye_daisy":1,"minecraft:diamond_shovel":1011,"minecraft:cherry_door":15,"minecraft:suspicious_stew":1,"minecraft:iron_pickaxe":424,"minecraft:stone_axe":38,"minecraft:pink_petals":42,"minecraft:pink_bed":13,"minecraft:fishing_rod":6,"minecraft:cobblestone":48,"minecraft:cherry_stairs":156,"minecraft:cooked_porkchop":12,"minecraft:porkchop":6,"minecraft:bucket":177,"minecraft:glass_pane":1,"minecraft:pumpkin_pie":21,"minecraft:dandelion":1,"minecraft:smooth_stone":1},"minecraft:dropped":{"minecraft:iron_sword":2,"minecraft:brown_mushroom":2,"minecraft:porkchop":1,"minecraft:diamond_axe":4,"minecraft:oak_log":59,"minecraft:baked_potato":1,"minecraft:cookie":2,"minecraft:emerald":43,"minecraft:cobblestone_stairs":1,"minecraft:dirt":410,"minecraft:cherry_trapdoor":2,"minecraft:pumpkin_pie":3,"minecraft:bone_meal":1,"minecraft:sand":12,"minecraft:stripped_oak_wood":1,"minecraft:bone":3,"minecraft:oak_door":1,"minecraft:gravel":5,"minecraft:stone_axe":1,"minecraft:iron_nugget":2,"minecraft:cherry_stairs":2,"minecraft:pink_bed":1,"minecraft:pink_dye":1,"minecraft:wheat":19,"minecraft:cherry_sapling":1,"minecraft:rotten_flesh":6,"minecraft:oak_planks":207,"minecraft:diamond_shovel":1,"minecraft:salmon":5,"minecraft:carrot":7,"minecraft:poppy":1,"minecraft:leather_chestplate":2,"minecraft:gunpowder":1,"minecraft:quartz_block":2,"minecraft:beetroot_seeds":21,"minecraft:arrow":16,"minecraft:crimson_planks":1,"minecraft:iron_ingot":1,"minecraft:water_bucket":1,"minecraft:bread":10,"minecraft:oak_slab":12,"minecraft:wheat_seeds":24,"minecraft:cherry_log":192,"minecraft:diamond_leggings":1,"minecraft:feather":2,"minecraft:oak_fence":18,"minecraft:cobblestone":440,"minecraft:golden_apple":1,"minecraft:stick":27,"minecraft:gray_wool":1,"minecraft:milk_bucket":2,"minecraft:torch":1,"minecraft:cherry_planks":70,"minecraft:diamond_helmet":1,"minecraft:oak_stairs":65,"minecraft:iron_axe":1,"minecraft:smooth_stone":2,"minecraft:iron_shovel":1,"minecraft:pink_petals":15,"minecraft:dandelion":2,"minecraft:stone_sword":1,"minecraft:cobblestone_wall":2,"minecraft:raw_copper":4,"minecraft:light_gray_terracotta":9,"minecraft:stone_shovel":2,"minecraft:cherry_slab":1,"minecraft:shears":1,"minecraft:diamond_sword":2,"minecraft:shield":2,"minecraft:diamond_chestplate":1,"minecraft:diamond_pickaxe":1,"minecraft:oak_sapling":23,"minecraft:stripped_cherry_log":1,"minecraft:spider_eye":1,"minecraft:light_gray_dye":18,"minecraft:stone_pickaxe":1,"minecraft:bow":1},"minecraft:broken":{"minecraft:stone_pickaxe":1,"minecraft:stone_shovel":3,"minecraft:shield":1,"minecraft:diamond_axe":2,"minecraft:iron_axe":2,"minecraft:iron_pickaxe":1},"minecraft:killed_by":{"minecraft:iron_golem":1,"minecraft:skeleton":5},"minecraft:killed":{"minecraft:zombified_piglin":12,"minecraft:spider":3,"minecraft:skeleton":14,"minecraft:piglin_brute":1,"minecraft:magma_cube":7,"minecraft:piglin":6,"minecraft:pig":7,"minecraft:salmon":26,"minecraft:creeper":2,"minecraft:sheep":5,"minecraft:trader_llama":2,"minecraft:zombie":19,"minecraft:ghast":1,"minecraft:blaze":1,"minecraft:cow":2,"minecraft:drowned":3,"minecraft:wandering_trader":1,"minecraft:hoglin":2,"minecraft:wither_skeleton":2,"minecraft:villager":3,"minecraft:enderman":3},"minecraft:picked_up":{"minecraft:wheat":111,"minecraft:nether_brick_fence":1,"minecraft:suspicious_stew":6,"minecraft:lead":3,"minecraft:diamond_sword":4,"minecraft:oak_stairs":207,"minecraft:golden_sword":2,"minecraft:crimson_planks":2,"minecraft:string":5,"minecraft:raw_copper":29,"minecraft:beetroot":21,"minecraft:diamond_leggings":4,"minecraft:gold_nugget":15,"minecraft:smooth_stone":6,"minecraft:bucket":1,"minecraft:iron_pickaxe":1,"minecraft:furnace":1,"minecraft:stick":173,"minecraft:oak_fence":49,"minecraft:torch":53,"minecraft:pink_carpet":30,"minecraft:porkchop":47,"minecraft:cherry_log":409,"minecraft:pointed_dripstone":2,"minecraft:diorite":5,"minecraft:cauldron":9,"minecraft:quartz_block":3,"minecraft:stone_sword":3,"minecraft:rotten_flesh":58,"minecraft:white_terracotta":25,"minecraft:blaze_rod":5,"minecraft:cobblestone":909,"minecraft:pink_petals":150,"minecraft:leather_chestplate":4,"minecraft:magma_cream":3,"minecraft:cherry_planks":633,"minecraft:cherry_leaves":516,"minecraft:jungle_log":117,"minecraft:brown_wool":32,"minecraft:golden_leggings":1,"minecraft:potato":90,"minecraft:flint":2,"minecraft:light_gray_dye":12,"minecraft:cherry_fence":16,"minecraft:lapis_lazuli":23,"minecraft:cherry_door":1,"minecraft:dirt":1640,"minecraft:lantern":24,"minecraft:glass":1,"minecraft:bone":48,"minecraft:bow":2,"minecraft:wheat_seeds":310,"minecraft:bell":3,"minecraft:diamond_helmet":4,"minecraft:oak_planks":831,"minecraft:cooked_porkchop":7,"minecraft:jungle_planks":145,"minecraft:sand":71,"minecraft:grass_block":1,"minecraft:mossy_cobblestone":47,"minecraft:light_gray_terracotta":9,"minecraft:bone_meal":161,"minecraft:golden_apple":12,"minecraft:emerald":56,"minecraft:bread":10,"minecraft:oak_sapling":7,"minecraft:cherry_slab":37,"minecraft:netherrack":19,"minecraft:oak_leaves":2,"minecraft:diamond_pickaxe":3,"minecraft:crafting_table":6,"minecraft:azure_bluet":1,"minecraft:ladder":8,"minecraft:clay_ball":820,"minecraft:brown_mushroom":5,"minecraft:wooden_pickaxe":1,"minecraft:gold_block":1,"minecraft:stripped_cherry_log":3,"minecraft:shield":2,"minecraft:iron_axe":1,"minecraft:iron_shovel":1,"minecraft:glass_pane":1,"minecraft:beef":4,"minecraft:jungle_sapling":32,"minecraft:iron_nugget":2,"minecraft:poppy":2,"minecraft:light_gray_wool":15,"minecraft:chest":2,"minecraft:cherry_trapdoor":12,"minecraft:raw_iron":21,"minecraft:cherry_stairs":22,"minecraft:oak_door":9,"minecraft:polished_blackstone_bricks":1,"minecraft:cookie":163,"minecraft:carrot":177,"minecraft:cherry_fence_gate":1,"minecraft:stone_shovel":7,"minecraft:arrow":31,"minecraft:weeping_vines":2,"minecraft:diamond_chestplate":4,"minecraft:beetroot_seeds":52,"minecraft:shears":1,"minecraft:diamond_boots":3,"minecraft:gold_ingot":5,"minecraft:mutton":20,"minecraft:bone_block":67,"minecraft:white_wool":21,"minecraft:oxeye_daisy":10,"minecraft:stripped_oak_log":41,"minecraft:golden_carrot":56,"minecraft:crimson_stem":1,"minecraft:salmon":48,"minecraft:leather":22,"minecraft:oak_log":164,"minecraft:golden_boots":1,"minecraft:gunpowder":2,"minecraft:cobblestone_wall":5,"minecraft:cobblestone_stairs":17,"minecraft:apple":128,"minecraft:iron_ingot":4,"minecraft:stone_pickaxe":3,"minecraft:stripped_oak_wood":1,"minecraft:iron_sword":4,"minecraft:oak_slab":19,"minecraft:pink_bed":4,"minecraft:milk_bucket":1,"minecraft:dandelion":3,"minecraft:dripstone_block":1,"minecraft:gravel":19,"minecraft:white_bed":2,"minecraft:green_carpet":2,"minecraft:spider_eye":1,"minecraft:diamond_shovel":1,"minecraft:stone_axe":3,"minecraft:diamond_axe":12,"minecraft:cherry_sapling":108,"minecraft:gray_wool":17,"minecraft:terracotta":8,"minecraft:baked_potato":28,"minecraft:coal":143,"minecraft:pink_dye":1,"minecraft:sunflower":2,"minecraft:ender_pearl":2},"minecraft:crafted":{"minecraft:oak_planks":698,"minecraft:cherry_slab":30,"minecraft:pink_bed":10,"minecraft:cooked_chicken":3,"minecraft:stone":47,"minecraft:diamond_shovel":1,"minecraft:pink_carpet":65,"minecraft:cooked_mutton":20,"minecraft:glass":16,"minecraft:bow":1,"minecraft:chest":5,"minecraft:cherry_fence":39,"minecraft:emerald":99,"minecraft:cooked_porkchop":2,"minecraft:crafting_table":3,"minecraft:wooden_pickaxe":1,"minecraft:baked_potato":28,"minecraft:campfire":1,"minecraft:wooden_hoe":1,"minecraft:pink_wool":80,"minecraft:shield":2,"minecraft:stick":3200,"minecraft:iron_ingot":17,"minecraft:iron_pickaxe":2,"minecraft:white_terracotta":184,"minecraft:stone_sword":1,"minecraft:light_gray_dye":7,"minecraft:shears":1,"minecraft:cherry_planks":1308,"minecraft:fishing_rod":1,"minecraft:iron_nugget":9,"minecraft:furnace":3,"minecraft:bone_meal":36,"minecraft:pink_dye":93,"minecraft:terracotta":193,"minecraft:cherry_trapdoor":2,"minecraft:lantern":1,"minecraft:iron_axe":2,"minecraft:cherry_stairs":36,"minecraft:stone_pickaxe":2,"minecraft:cherry_fence_gate":2,"minecraft:cooked_beef":4,"minecraft:crimson_planks":240,"minecraft:light_gray_terracotta":8,"minecraft:iron_sword":1,"minecraft:red_bed":10,"minecraft:bucket":1,"minecraft:stone_axe":2,"minecraft:white_dye":25,"minecraft:cherry_door":15,"minecraft:white_bed":1,"minecraft:pumpkin_pie":24,"minecraft:torch":8,"minecraft:clay":193}},"DataVersion":3955}