{"stats":{"minecraft:picked_up":{"minecraft:wheat":99,"minecraft:suspicious_stew":6,"minecraft:diamond_sword":1,"minecraft:lead":2,"minecraft:oak_stairs":16,"minecraft:string":3,"minecraft:raw_copper":29,"minecraft:beetroot":21,"minecraft:diamond_leggings":3,"minecraft:iron_pickaxe":1,"minecraft:furnace":1,"minecraft:stick":147,"minecraft:oak_fence":17,"minecraft:torch":30,"minecraft:pink_carpet":1,"minecraft:porkchop":19,"minecraft:cherry_log":370,"minecraft:pointed_dripstone":2,"minecraft:diorite":5,"minecraft:cauldron":6,"minecraft:stone_sword":3,"minecraft:rotten_flesh":28,"minecraft:white_terracotta":6,"minecraft:cobblestone":617,"minecraft:pink_petals":34,"minecraft:leather_chestplate":4,"minecraft:cherry_planks":520,"minecraft:cherry_leaves":516,"minecraft:jungle_log":117,"minecraft:golden_leggings":1,"minecraft:potato":68,"minecraft:flint":2,"minecraft:light_gray_dye":12,"minecraft:cherry_fence":15,"minecraft:lantern":11,"minecraft:lapis_lazuli":23,"minecraft:dirt":1343,"minecraft:bone":34,"minecraft:bow":1,"minecraft:wheat_seeds":281,"minecraft:bell":3,"minecraft:diamond_helmet":3,"minecraft:oak_planks":468,"minecraft:cooked_porkchop":7,"minecraft:sand":59,"minecraft:jungle_planks":11,"minecraft:grass_block":1,"minecraft:mossy_cobblestone":27,"minecraft:light_gray_terracotta":9,"minecraft:bone_meal":161,"minecraft:golden_apple":12,"minecraft:emerald":55,"minecraft:bread":10,"minecraft:oak_sapling":5,"minecraft:cherry_slab":27,"minecraft:oak_leaves":2,"minecraft:diamond_pickaxe":2,"minecraft:crafting_table":6,"minecraft:azure_bluet":1,"minecraft:clay_ball":304,"minecraft:wooden_pickaxe":1,"minecraft:shield":2,"minecraft:iron_axe":1,"minecraft:iron_shovel":1,"minecraft:beef":2,"minecraft:jungle_sapling":32,"minecraft:iron_nugget":2,"minecraft:poppy":2,"minecraft:chest":1,"minecraft:cherry_trapdoor":12,"minecraft:raw_iron":21,"minecraft:cherry_stairs":3,"minecraft:oak_door":2,"minecraft:cookie":163,"minecraft:carrot":134,"minecraft:cherry_fence_gate":1,"minecraft:stone_shovel":7,"minecraft:arrow":25,"minecraft:diamond_chestplate":3,"minecraft:beetroot_seeds":52,"minecraft:diamond_boots":2,"minecraft:gold_ingot":4,"minecraft:mutton":14,"minecraft:bone_block":46,"minecraft:white_wool":8,"minecraft:oxeye_daisy":10,"minecraft:stripped_oak_log":9,"minecraft:golden_carrot":41,"minecraft:salmon":48,"minecraft:leather":6,"minecraft:oak_log":2,"minecraft:cobblestone_wall":2,"minecraft:gunpowder":1,"minecraft:cobblestone_stairs":1,"minecraft:apple":128,"minecraft:iron_ingot":4,"minecraft:stone_pickaxe":3,"minecraft:stripped_oak_wood":1,"minecraft:iron_sword":3,"minecraft:oak_slab":1,"minecraft:dandelion":2,"minecraft:dripstone_block":1,"minecraft:gravel":19,"minecraft:white_bed":2,"minecraft:diamond_shovel":1,"minecraft:stone_axe":3,"minecraft:diamond_axe":10,"minecraft:cherry_sapling":98,"minecraft:terracotta":8,"minecraft:baked_potato":28,"minecraft:coal":140,"minecraft:sunflower":2,"minecraft:ender_pearl":2},"minecraft:mined":{"minecraft:white_bed":2,"minecraft:oak_sapling":5,"minecraft:farmland":46,"minecraft:cherry_log":32,"minecraft:cherry_trapdoor":10,"minecraft:grass_block":222,"minecraft:oxeye_daisy":9,"minecraft:tall_seagrass":3,"minecraft:iron_ore":14,"minecraft:azure_bluet":1,"minecraft:water_cauldron":5,"minecraft:dirt_path":145,"minecraft:oak_stairs":3,"minecraft:torch":9,"minecraft:clay":66,"minecraft:poppy":1,"minecraft:cobblestone":69,"minecraft:oak_planks":335,"minecraft:wall_torch":2,"minecraft:cauldron":1,"minecraft:cherry_slab":26,"minecraft:pink_petals":6,"minecraft:seagrass":1,"minecraft:white_terracotta":6,"minecraft:cherry_fence":15,"minecraft:wheat":103,"minecraft:beetroots":22,"minecraft:sand":59,"minecraft:dirt":535,"minecraft:oak_leaves":6,"minecraft:pink_carpet":1,"minecraft:mossy_cobblestone":24,"minecraft:cherry_sapling":18,"minecraft:furnace":1,"minecraft:carrots":37,"minecraft:bell":3,"minecraft:potatoes":23,"minecraft:lantern":11,"minecraft:stripped_oak_log":12,"minecraft:stone":480,"minecraft:cherry_fence_gate":1,"minecraft:cherry_stairs":2,"minecraft:white_wool":1,"minecraft:glass_pane":3,"minecraft:cherry_planks":309,"minecraft:dandelion":1,"minecraft:oak_fence":15,"minecraft:crafting_table":1,"minecraft:short_grass":41,"minecraft:emerald_ore":1,"minecraft:copper_ore":3,"minecraft:tall_grass":8,"minecraft:diorite":5,"minecraft:coal_ore":94,"minecraft:dripstone_block":1,"minecraft:cherry_leaves":14,"minecraft:sunflower":1,"minecraft:gravel":11},"minecraft:custom":{"minecraft:animals_bred":6,"minecraft:interact_with_crafting_table":77,"minecraft:bell_ring":76,"minecraft:leave_game":6,"minecraft:time_since_death":253866,"minecraft:sprint_one_cm":1130268,"minecraft:damage_blocked_by_shield":3177,"minecraft:drop":797,"minecraft:talked_to_villager":52,"minecraft:play_time":504824,"minecraft:deaths":6,"minecraft:jump":7143,"minecraft:walk_on_water_one_cm":253219,"minecraft:interact_with_furnace":70,"minecraft:traded_with_villager":24,"minecraft:sleep_in_bed":17,"minecraft:damage_dealt":11171,"minecraft:player_kills":3,"minecraft:crouch_one_cm":41057,"minecraft:mob_kills":78,"minecraft:fill_cauldron":2,"minecraft:climb_one_cm":2775,"minecraft:walk_one_cm":1751458,"minecraft:damage_dealt_absorbed":218,"minecraft:sneak_time":14310,"minecraft:walk_under_water_one_cm":177112,"minecraft:interact_with_blast_furnace":1,"minecraft:total_world_time":504824,"minecraft:time_since_rest":5421,"minecraft:damage_taken":4418,"minecraft:damage_absorbed":76,"minecraft:swim_one_cm":208048,"minecraft:fly_one_cm":1164823,"minecraft:open_chest":188,"minecraft:fall_one_cm":147027},"minecraft:dropped":{"minecraft:iron_sword":1,"minecraft:porkchop":1,"minecraft:diamond_axe":3,"minecraft:baked_potato":1,"minecraft:cookie":2,"minecraft:cobblestone_stairs":1,"minecraft:emerald":43,"minecraft:dirt":408,"minecraft:cherry_trapdoor":2,"minecraft:bone_meal":1,"minecraft:stripped_oak_wood":1,"minecraft:bone":3,"minecraft:oak_door":1,"minecraft:gravel":5,"minecraft:stone_axe":1,"minecraft:cherry_stairs":1,"minecraft:iron_nugget":2,"minecraft:cherry_sapling":1,"minecraft:rotten_flesh":4,"minecraft:oak_planks":141,"minecraft:diamond_shovel":1,"minecraft:salmon":5,"minecraft:carrot":7,"minecraft:leather_chestplate":2,"minecraft:gunpowder":1,"minecraft:beetroot_seeds":21,"minecraft:arrow":16,"minecraft:iron_ingot":1,"minecraft:bread":10,"minecraft:wheat_seeds":24,"minecraft:cherry_log":192,"minecraft:diamond_leggings":1,"minecraft:oak_fence":3,"minecraft:feather":2,"minecraft:cobblestone":421,"minecraft:stick":27,"minecraft:cherry_planks":65,"minecraft:diamond_helmet":1,"minecraft:oak_stairs":1,"minecraft:iron_axe":1,"minecraft:pink_petals":11,"minecraft:dandelion":1,"minecraft:stone_sword":1,"minecraft:cobblestone_wall":2,"minecraft:raw_copper":4,"minecraft:light_gray_terracotta":9,"minecraft:stone_shovel":2,"minecraft:cherry_slab":1,"minecraft:shield":2,"minecraft:diamond_chestplate":1,"minecraft:diamond_pickaxe":1,"minecraft:oak_sapling":20,"minecraft:light_gray_dye":18,"minecraft:stone_pickaxe":1},"minecraft:killed_by":{"minecraft:iron_golem":1,"minecraft:skeleton":5},"minecraft:used":{"minecraft:beetroot":12,"minecraft:cherry_sapling":79,"minecraft:poppy":1,"minecraft:chest":6,"minecraft:shield":46,"minecraft:white_terracotta":54,"minecraft:stone":32,"minecraft:iron_sword":249,"minecraft:bell":3,"minecraft:carrot":54,"minecraft:azure_bluet":1,"minecraft:jungle_sapling":2,"minecraft:glass":6,"minecraft:lantern":17,"minecraft:grass_block":1,"minecraft:cherry_leaves":6,"minecraft:bow":3,"minecraft:furnace":3,"minecraft:beetroot_seeds":11,"minecraft:potato":32,"minecraft:diorite":5,"minecraft:stone_pickaxe":232,"minecraft:oak_planks":2,"minecraft:leather_chestplate":3,"minecraft:wooden_pickaxe":12,"minecraft:diamond_axe":787,"minecraft:cookie":65,"minecraft:white_wool":1,"minecraft:golden_apple":3,"minecraft:shears":9,"minecraft:gravel":6,"minecraft:bone_meal":75,"minecraft:oak_fence":7,"minecraft:stone_sword":1,"minecraft:stone_shovel":510,"minecraft:torch":5,"minecraft:dirt":622,"minecraft:pink_carpet":4,"minecraft:iron_axe":263,"minecraft:oak_stairs":3,"minecraft:cherry_slab":26,"minecraft:cherry_trapdoor":10,"minecraft:cherry_fence_gate":3,"minecraft:golden_carrot":2,"minecraft:cooked_beef":1,"minecraft:cherry_fence":43,"minecraft:cherry_log":80,"minecraft:wheat_seeds":78,"minecraft:cooked_mutton":4,"minecraft:water_bucket":116,"minecraft:baked_potato":22,"minecraft:cherry_planks":914,"minecraft:cauldron":4,"minecraft:salmon":2,"minecraft:crafting_table":3,"minecraft:white_bed":3,"minecraft:campfire":1,"minecraft:oak_log":6,"minecraft:wooden_hoe":8,"minecraft:diamond_pickaxe":73,"minecraft:apple":22,"minecraft:oxeye_daisy":1,"minecraft:diamond_shovel":468,"minecraft:cherry_door":2,"minecraft:suspicious_stew":1,"minecraft:iron_pickaxe":424,"minecraft:stone_axe":38,"minecraft:fishing_rod":6,"minecraft:cobblestone":48,"minecraft:cherry_stairs":17,"minecraft:cooked_porkchop":9,"minecraft:porkchop":6,"minecraft:bucket":117,"minecraft:dandelion":1},"minecraft:crafted":{"minecraft:oak_planks":154,"minecraft:cherry_slab":30,"minecraft:stone":47,"minecraft:diamond_shovel":1,"minecraft:pink_carpet":3,"minecraft:cooked_mutton":14,"minecraft:glass":10,"minecraft:chest":5,"minecraft:cherry_fence":39,"minecraft:emerald":22,"minecraft:cooked_porkchop":2,"minecraft:crafting_table":3,"minecraft:wooden_pickaxe":1,"minecraft:baked_potato":28,"minecraft:campfire":1,"minecraft:wooden_hoe":1,"minecraft:pink_wool":2,"minecraft:shield":2,"minecraft:stick":776,"minecraft:iron_ingot":17,"minecraft:iron_pickaxe":2,"minecraft:white_terracotta":48,"minecraft:stone_sword":1,"minecraft:light_gray_dye":7,"minecraft:shears":1,"minecraft:cherry_planks":736,"minecraft:fishing_rod":1,"minecraft:iron_nugget":9,"minecraft:furnace":3,"minecraft:bone_meal":36,"minecraft:pink_dye":2,"minecraft:terracotta":64,"minecraft:cherry_trapdoor":2,"minecraft:lantern":1,"minecraft:iron_axe":2,"minecraft:cherry_stairs":16,"minecraft:stone_pickaxe":2,"minecraft:cherry_fence_gate":2,"minecraft:cooked_beef":2,"minecraft:light_gray_terracotta":8,"minecraft:iron_sword":1,"minecraft:bucket":1,"minecraft:stone_axe":2,"minecraft:white_dye":25,"minecraft:cherry_door":3,"minecraft:white_bed":1,"minecraft:torch":8,"minecraft:clay":64},"minecraft:broken":{"minecraft:stone_pickaxe":1,"minecraft:stone_shovel":3,"minecraft:shield":1,"minecraft:diamond_axe":1,"minecraft:iron_axe":2,"minecraft:iron_pickaxe":1},"minecraft:killed":{"minecraft:zombified_piglin":2,"minecraft:spider":2,"minecraft:skeleton":9,"minecraft:pig":7,"minecraft:salmon":26,"minecraft:creeper":1,"minecraft:sheep":2,"minecraft:trader_llama":2,"minecraft:zombie":16,"minecraft:cow":1,"minecraft:drowned":3,"minecraft:wandering_trader":1,"minecraft:villager":3,"minecraft:enderman":2}},"DataVersion":3955}