{"stats":{"minecraft:picked_up":{"minecraft:wooden_axe":3,"minecraft:wheat":62,"minecraft:anvil":1,"minecraft:suspicious_stew":6,"minecraft:diamond_sword":4,"minecraft:oak_stairs":7,"minecraft:enchanted_book":21,"minecraft:brewing_stand":7,"minecraft:string":1,"minecraft:raw_copper":14,"minecraft:diamond_leggings":3,"minecraft:gold_nugget":1,"minecraft:cobbled_deepslate":13,"minecraft:iron_pickaxe":9,"minecraft:furnace":3,"minecraft:stick":422,"minecraft:composter":40,"minecraft:oak_fence":6,"minecraft:torch":127,"minecraft:porkchop":24,"minecraft:cherry_log":1511,"minecraft:pointed_dripstone":5,"minecraft:diorite":5,"minecraft:stone_sword":3,"minecraft:rotten_flesh":2,"minecraft:bookshelf":40,"minecraft:obsidian":10,"minecraft:cobblestone":58,"minecraft:birch_log":7,"minecraft:pink_petals":21,"minecraft:leather_chestplate":2,"minecraft:cherry_planks":883,"minecraft:jungle_log":108,"minecraft:potato":3,"minecraft:flint":10,"minecraft:cherry_fence":14,"minecraft:lapis_lazuli":207,"minecraft:lantern":98,"minecraft:dirt":79,"minecraft:name_tag":3,"minecraft:glass":144,"minecraft:bone":15,"minecraft:bow":1,"minecraft:wheat_seeds":5,"minecraft:raw_gold":70,"minecraft:bell":13,"minecraft:grindstone":1,"minecraft:fletching_table":19,"minecraft:diamond_helmet":4,"minecraft:oak_planks":229,"minecraft:cooked_porkchop":2,"minecraft:grass_block":24,"minecraft:diamond":80,"minecraft:bone_meal":252,"minecraft:golden_apple":108,"minecraft:emerald":801,"minecraft:bread":408,"minecraft:oak_sapling":405,"minecraft:cherry_slab":67,"minecraft:diamond_pickaxe":5,"minecraft:crafting_table":5,"minecraft:clay_ball":72,"minecraft:stripped_cherry_log":4,"minecraft:red_bed":27,"minecraft:iron_axe":2,"minecraft:flint_and_steel":2,"minecraft:compass":5,"minecraft:iron_shovel":3,"minecraft:jungle_sapling":26,"minecraft:poppy":1,"minecraft:lectern":497,"minecraft:chest":2,"minecraft:birch_sapling":1,"minecraft:raw_iron":196,"minecraft:oak_door":2,"minecraft:cookie":163,"minecraft:stone_shovel":1,"minecraft:arrow":45,"minecraft:diamond_chestplate":4,"minecraft:diamond_boots":3,"minecraft:hay_block":14,"minecraft:mutton":106,"minecraft:bone_block":53,"minecraft:white_wool":47,"minecraft:clock":1,"minecraft:basalt":2,"minecraft:golden_carrot":112,"minecraft:salmon":4,"minecraft:leather":6,"minecraft:oak_log":395,"minecraft:yellow_bed":17,"minecraft:cobblestone_wall":2,"minecraft:cobblestone_stairs":1,"minecraft:cooked_mutton":17,"minecraft:apple":161,"minecraft:iron_ingot":15,"minecraft:stone_pickaxe":2,"minecraft:stripped_oak_wood":2,"minecraft:iron_sword":6,"minecraft:book":124,"minecraft:oak_slab":3,"minecraft:pink_bed":12,"minecraft:dandelion":2,"minecraft:dripstone_block":4,"minecraft:gravel":107,"minecraft:red_banner":12,"minecraft:white_bed":10,"minecraft:diamond_shovel":5,"minecraft:stone_axe":2,"minecraft:diamond_axe":9,"minecraft:cherry_sapling":160,"minecraft:coal":184,"minecraft:sunflower":6,"minecraft:ender_pearl":21},"minecraft:mined":{"minecraft:white_bed":9,"minecraft:oak_sapling":1,"minecraft:pink_bed":9,"minecraft:cherry_log":131,"minecraft:cobblestone_stairs":1,"minecraft:brewing_stand":7,"minecraft:obsidian":10,"minecraft:grass_block":26,"minecraft:composter":40,"minecraft:iron_ore":24,"minecraft:fire":4,"minecraft:fletching_table":19,"minecraft:deepslate_lapis_ore":3,"minecraft:dirt_path":33,"minecraft:oak_stairs":1,"minecraft:red_bed":25,"minecraft:torch":3,"minecraft:chest":2,"minecraft:cobblestone":3,"minecraft:cherry_slab":59,"minecraft:pink_petals":7,"minecraft:cherry_fence":14,"minecraft:birch_log":1,"minecraft:wheat":1,"minecraft:stripped_oak_wood":2,"minecraft:oak_log":68,"minecraft:dirt":37,"minecraft:oak_leaves":1,"minecraft:deepslate":7,"minecraft:deepslate_diamond_ore":8,"minecraft:oak_door":2,"minecraft:cherry_sapling":3,"minecraft:stripped_cherry_log":1,"minecraft:jungle_planks":1,"minecraft:hay_block":14,"minecraft:furnace":2,"minecraft:jungle_sapling":11,"minecraft:bell":12,"minecraft:bookshelf":33,"minecraft:vine":21,"minecraft:deepslate_iron_ore":1,"minecraft:lantern":55,"minecraft:stone":13,"minecraft:bone_block":55,"minecraft:cherry_planks":267,"minecraft:basalt":3,"minecraft:oak_fence":6,"minecraft:crafting_table":3,"minecraft:short_grass":32,"minecraft:lectern":486,"minecraft:tall_grass":12,"minecraft:deepslate_gold_ore":2,"minecraft:cobblestone_wall":2,"minecraft:yellow_bed":15,"minecraft:coal_ore":41,"minecraft:cherry_leaves":13,"minecraft:sunflower":2,"minecraft:gravel":115,"minecraft:dripstone_block":1,"minecraft:gold_ore":5},"minecraft:custom":{"minecraft:interact_with_crafting_table":54,"minecraft:bell_ring":498,"minecraft:leave_game":19,"minecraft:time_since_death":12097,"minecraft:sprint_one_cm":1044764,"minecraft:drop":331,"minecraft:talked_to_villager":1004,"minecraft:play_time":444774,"minecraft:deaths":20,"minecraft:jump":8518,"minecraft:walk_on_water_one_cm":46299,"minecraft:interact_with_furnace":18,"minecraft:traded_with_villager":1190,"minecraft:sleep_in_bed":15,"minecraft:damage_dealt":8120,"minecraft:crouch_one_cm":157014,"minecraft:interact_with_smithing_table":3,"minecraft:mob_kills":38,"minecraft:interact_with_anvil":6,"minecraft:climb_one_cm":322,"minecraft:walk_one_cm":728053,"minecraft:sneak_time":39873,"minecraft:walk_under_water_one_cm":33921,"minecraft:total_world_time":444774,"minecraft:interact_with_grindstone":2,"minecraft:time_since_rest":7981,"minecraft:damage_absorbed":196,"minecraft:damage_taken":8555,"minecraft:swim_one_cm":87892,"minecraft:fly_one_cm":1982983,"minecraft:open_chest":184,"minecraft:fall_one_cm":247010},"minecraft:dropped":{"minecraft:iron_sword":8,"minecraft:porkchop":5,"minecraft:diamond_axe":12,"minecraft:lapis_lazuli":12,"minecraft:oak_log":4,"minecraft:cooked_porkchop":1,"minecraft:cookie":324,"minecraft:lantern":24,"minecraft:leather":2,"minecraft:emerald":54,"minecraft:cobblestone_stairs":1,"minecraft:flint":1,"minecraft:dirt":11,"minecraft:red_bed":3,"minecraft:mutton":16,"minecraft:jungle_sapling":27,"minecraft:bone_meal":166,"minecraft:sunflower":4,"minecraft:iron_pickaxe":2,"minecraft:stripped_oak_wood":1,"minecraft:birch_log":7,"minecraft:white_wool":1,"minecraft:gold_ingot":896,"minecraft:bone":9,"minecraft:oak_door":1,"minecraft:gravel":13,"minecraft:stone_axe":1,"minecraft:wheat":62,"minecraft:birch_sapling":1,"minecraft:cherry_sapling":579,"minecraft:rotten_flesh":2,"minecraft:diamond_shovel":2,"minecraft:chainmail_chestplate":12,"minecraft:poppy":1,"minecraft:leather_chestplate":1,"minecraft:glowstone":12,"minecraft:chainmail_boots":12,"minecraft:basalt":2,"minecraft:arrow":21,"minecraft:lectern":1,"minecraft:enchanted_book":8,"minecraft:iron_ingot":7,"minecraft:bread":1651,"minecraft:wheat_seeds":4,"minecraft:cherry_log":8,"minecraft:bookshelf":3,"minecraft:diamond_leggings":2,"minecraft:oak_fence":3,"minecraft:cobblestone":7,"minecraft:apple":256,"minecraft:coal":2,"minecraft:golden_apple":23,"minecraft:stick":256,"minecraft:torch":5,"minecraft:cherry_planks":27,"minecraft:diamond_helmet":2,"minecraft:iron_leggings":9,"minecraft:oak_stairs":1,"minecraft:iron_axe":2,"minecraft:pink_petals":21,"minecraft:dandelion":2,"minecraft:redstone":24,"minecraft:stone_sword":1,"minecraft:cobblestone_wall":2,"minecraft:raw_copper":7,"minecraft:raw_iron":7,"minecraft:stone_shovel":13,"minecraft:red_banner":24,"minecraft:clay_ball":48,"minecraft:cherry_slab":2,"minecraft:shears":10,"minecraft:suspicious_stew":12,"minecraft:diamond_sword":1,"minecraft:potato":3,"minecraft:diamond_chestplate":3,"minecraft:iron_chestplate":7,"minecraft:oak_sapling":408,"minecraft:stripped_cherry_log":1,"minecraft:diamond_boots":3,"minecraft:stone_pickaxe":1,"minecraft:bow":1,"minecraft:raw_gold":7,"minecraft:bell":22},"minecraft:killed_by":{"minecraft:zombie":1,"minecraft:player":1,"minecraft:iron_golem":1,"minecraft:skeleton":10},"minecraft:used":{"minecraft:cherry_sapling":111,"minecraft:chest":12,"minecraft:iron_sword":41,"minecraft:bell":12,"minecraft:jungle_planks":1,"minecraft:obsidian":10,"minecraft:jungle_sapling":19,"minecraft:lantern":138,"minecraft:grass_block":40,"minecraft:furnace":1,"minecraft:ender_pearl":5,"minecraft:composter":38,"minecraft:diamond_axe":1019,"minecraft:golden_apple":9,"minecraft:loom":1,"minecraft:blast_furnace":1,"minecraft:dripstone_block":2,"minecraft:bread":30,"minecraft:lectern":500,"minecraft:gravel":94,"minecraft:diamond_sword":35,"minecraft:grindstone":1,"minecraft:smithing_table":1,"minecraft:stripped_cherry_log":3,"minecraft:bone_meal":230,"minecraft:experience_bottle":8,"minecraft:stone_sword":2,"minecraft:flint_and_steel":2,"minecraft:oak_door":1,"minecraft:torch":50,"minecraft:brewing_stand":7,"minecraft:dirt":17,"minecraft:anvil":1,"minecraft:wooden_axe":25,"minecraft:bookshelf":33,"minecraft:iron_axe":218,"minecraft:oak_stairs":1,"minecraft:cherry_slab":157,"minecraft:golden_carrot":32,"minecraft:cobbled_deepslate":7,"minecraft:cherry_fence":134,"minecraft:cherry_log":69,"minecraft:cooked_mutton":7,"minecraft:water_bucket":11,"minecraft:cherry_planks":1506,"minecraft:fletching_table":27,"minecraft:crafting_table":8,"minecraft:red_bed":59,"minecraft:white_bed":11,"minecraft:diamond_pickaxe":148,"minecraft:diamond_shovel":187,"minecraft:iron_pickaxe":121,"minecraft:spruce_sapling":8,"minecraft:stone_axe":1,"minecraft:pink_bed":21,"minecraft:cobblestone":7,"minecraft:cooked_porkchop":4,"minecraft:bucket":12,"minecraft:yellow_bed":13,"minecraft:dandelion":1},"minecraft:crafted":{"minecraft:oak_planks":1536,"minecraft:cherry_slab":582,"minecraft:loom":1,"minecraft:diamond_shovel":4,"minecraft:bookshelf":58,"minecraft:suspicious_stew":6,"minecraft:glass":144,"minecraft:diamond_helmet":3,"minecraft:diamond_leggings":3,"minecraft:chest":16,"minecraft:cherry_fence":144,"minecraft:name_tag":3,"minecraft:emerald":333,"minecraft:cooked_porkchop":4,"minecraft:diamond_axe":10,"minecraft:crafting_table":8,"minecraft:smithing_table":1,"minecraft:chainmail_chestplate":12,"minecraft:clock":1,"minecraft:fletching_table":4,"minecraft:apple":128,"minecraft:iron_chestplate":7,"minecraft:diamond_pickaxe":4,"minecraft:stick":10304,"minecraft:iron_pickaxe":4,"minecraft:iron_ingot":15,"minecraft:compass":5,"minecraft:shears":10,"minecraft:golden_carrot":66,"minecraft:cherry_planks":1500,"minecraft:cookie":162,"minecraft:redstone":24,"minecraft:stone_shovel":12,"minecraft:experience_bottle":8,"minecraft:red_banner":12,"minecraft:bone_meal":585,"minecraft:flint_and_steel":1,"minecraft:lantern":132,"minecraft:iron_axe":3,"minecraft:ender_pearl":12,"minecraft:diamond_boots":4,"minecraft:spruce_sapling":8,"minecraft:wheat":126,"minecraft:diamond_sword":2,"minecraft:iron_sword":4,"minecraft:bell":21,"minecraft:red_bed":40,"minecraft:light_blue_wool":16,"minecraft:bucket":1,"minecraft:glowstone":12,"minecraft:enchanted_book":45,"minecraft:bread":1578,"minecraft:air":0,"minecraft:jungle_planks":3844,"minecraft:chainmail_boots":12,"minecraft:wooden_axe":1,"minecraft:iron_shovel":1,"minecraft:iron_leggings":9,"minecraft:white_bed":2,"minecraft:torch":84,"minecraft:lapis_lazuli":12,"minecraft:diamond_chestplate":4},"minecraft:killed":{"minecraft:zombified_piglin":1,"minecraft:spider":2,"minecraft:skeleton":12,"minecraft:pig":7,"minecraft:iron_golem":2,"minecraft:creeper":3,"minecraft:sheep":11}},"DataVersion":3955}