{"stats":{"minecraft:picked_up":{"minecraft:wooden_axe":3,"minecraft:crafting_table":5,"minecraft:wheat":62,"minecraft:clay_ball":72,"minecraft:suspicious_stew":6,"minecraft:diamond_sword":2,"minecraft:enchanted_book":8,"minecraft:brewing_stand":5,"minecraft:red_bed":18,"minecraft:raw_copper":14,"minecraft:iron_axe":2,"minecraft:flint_and_steel":2,"minecraft:iron_shovel":3,"minecraft:diamond_leggings":1,"minecraft:cobbled_deepslate":13,"minecraft:jungle_sapling":18,"minecraft:poppy":1,"minecraft:iron_pickaxe":9,"minecraft:lectern":148,"minecraft:birch_sapling":1,"minecraft:furnace":3,"minecraft:stick":422,"minecraft:raw_iron":196,"minecraft:oak_door":2,"minecraft:composter":40,"minecraft:oak_fence":3,"minecraft:torch":112,"minecraft:porkchop":24,"minecraft:cherry_log":1420,"minecraft:cookie":162,"minecraft:pointed_dripstone":5,"minecraft:diorite":5,"minecraft:diamond_chestplate":2,"minecraft:stone_sword":3,"minecraft:arrow":25,"minecraft:stone_shovel":1,"minecraft:diamond_boots":1,"minecraft:hay_block":14,"minecraft:bookshelf":3,"minecraft:mutton":106,"minecraft:obsidian":10,"minecraft:white_wool":47,"minecraft:bone_block":53,"minecraft:cobblestone":58,"minecraft:birch_log":7,"minecraft:pink_petals":9,"minecraft:leather_chestplate":2,"minecraft:basalt":2,"minecraft:golden_carrot":59,"minecraft:cherry_planks":599,"minecraft:jungle_log":108,"minecraft:leather":6,"minecraft:potato":3,"minecraft:flint":10,"minecraft:oak_log":391,"minecraft:yellow_bed":16,"minecraft:cobblestone_wall":2,"minecraft:cobblestone_stairs":1,"minecraft:lapis_lazuli":207,"minecraft:dirt":25,"minecraft:lantern":10,"minecraft:cooked_mutton":13,"minecraft:bone":11,"minecraft:apple":161,"minecraft:bow":1,"minecraft:wheat_seeds":4,"minecraft:raw_gold":70,"minecraft:bell":13,"minecraft:iron_ingot":15,"minecraft:grindstone":1,"minecraft:stone_pickaxe":2,"minecraft:stripped_oak_wood":1,"minecraft:fletching_table":19,"minecraft:diamond_helmet":2,"minecraft:iron_sword":6,"minecraft:oak_planks":229,"minecraft:book":63,"minecraft:pink_bed":8,"minecraft:cooked_porkchop":2,"minecraft:dandelion":2,"minecraft:dripstone_block":4,"minecraft:gravel":107,"minecraft:red_banner":12,"minecraft:white_bed":10,"minecraft:diamond_shovel":3,"minecraft:diamond":80,"minecraft:stone_axe":2,"minecraft:diamond_axe":8,"minecraft:cherry_sapling":158,"minecraft:golden_apple":46,"minecraft:emerald":248,"minecraft:bread":408,"minecraft:oak_sapling":405,"minecraft:cherry_slab":29,"minecraft:ender_pearl":14,"minecraft:coal":184,"minecraft:sunflower":6,"minecraft:diamond_pickaxe":3},"minecraft:mined":{"minecraft:white_bed":9,"minecraft:oak_sapling":1,"minecraft:pink_bed":8,"minecraft:deepslate_diamond_ore":8,"minecraft:oak_door":2,"minecraft:cobblestone_stairs":1,"minecraft:cherry_log":98,"minecraft:cherry_sapling":1,"minecraft:brewing_stand":5,"minecraft:obsidian":10,"minecraft:grass_block":14,"minecraft:jungle_planks":1,"minecraft:composter":40,"minecraft:hay_block":14,"minecraft:furnace":2,"minecraft:jungle_sapling":3,"minecraft:iron_ore":24,"minecraft:fire":3,"minecraft:deepslate_lapis_ore":3,"minecraft:fletching_table":19,"minecraft:bell":12,"minecraft:bookshelf":21,"minecraft:dirt_path":3,"minecraft:deepslate_iron_ore":1,"minecraft:vine":18,"minecraft:lantern":11,"minecraft:stone":13,"minecraft:bone_block":55,"minecraft:cherry_planks":188,"minecraft:red_bed":18,"minecraft:basalt":3,"minecraft:oak_fence":3,"minecraft:crafting_table":3,"minecraft:torch":3,"minecraft:short_grass":28,"minecraft:lectern":150,"minecraft:cobblestone":3,"minecraft:tall_grass":9,"minecraft:deepslate_gold_ore":2,"minecraft:cherry_slab":34,"minecraft:pink_petals":3,"minecraft:cobblestone_wall":2,"minecraft:birch_log":1,"minecraft:wheat":1,"minecraft:stripped_oak_wood":1,"minecraft:yellow_bed":15,"minecraft:coal_ore":41,"minecraft:oak_log":68,"minecraft:cherry_leaves":12,"minecraft:sunflower":1,"minecraft:gravel":115,"minecraft:dripstone_block":1,"minecraft:dirt":9,"minecraft:gold_ore":5,"minecraft:oak_leaves":1,"minecraft:deepslate":7},"minecraft:custom":{"minecraft:mob_kills":28,"minecraft:interact_with_crafting_table":48,"minecraft:bell_ring":485,"minecraft:leave_game":7,"minecraft:time_since_death":74547,"minecraft:climb_one_cm":196,"minecraft:sprint_one_cm":726521,"minecraft:walk_one_cm":489412,"minecraft:drop":292,"minecraft:talked_to_villager":437,"minecraft:play_time":281314,"minecraft:deaths":18,"minecraft:sneak_time":20638,"minecraft:walk_under_water_one_cm":15093,"minecraft:jump":5895,"minecraft:walk_on_water_one_cm":28969,"minecraft:total_world_time":281314,"minecraft:interact_with_furnace":18,"minecraft:traded_with_villager":1049,"minecraft:sleep_in_bed":14,"minecraft:time_since_rest":25502,"minecraft:damage_taken":6812,"minecraft:damage_absorbed":40,"minecraft:damage_dealt":5979,"minecraft:swim_one_cm":42754,"minecraft:fly_one_cm":1423817,"minecraft:open_chest":114,"minecraft:crouch_one_cm":83796,"minecraft:fall_one_cm":177757},"minecraft:dropped":{"minecraft:enchanted_book":8,"minecraft:iron_ingot":7,"minecraft:bread":1651,"minecraft:porkchop":5,"minecraft:iron_sword":8,"minecraft:diamond_axe":11,"minecraft:wheat_seeds":3,"minecraft:lapis_lazuli":12,"minecraft:cherry_log":8,"minecraft:bookshelf":3,"minecraft:cooked_porkchop":1,"minecraft:diamond_leggings":2,"minecraft:oak_fence":3,"minecraft:cookie":324,"minecraft:cobblestone":7,"minecraft:apple":256,"minecraft:leather":2,"minecraft:coal":2,"minecraft:golden_apple":6,"minecraft:stick":256,"minecraft:flint":1,"minecraft:cobblestone_stairs":1,"minecraft:dirt":7,"minecraft:red_bed":3,"minecraft:mutton":16,"minecraft:cherry_planks":27,"minecraft:diamond_helmet":2,"minecraft:iron_leggings":9,"minecraft:bone_meal":166,"minecraft:sunflower":3,"minecraft:iron_axe":2,"minecraft:iron_pickaxe":2,"minecraft:stripped_oak_wood":1,"minecraft:pink_petals":9,"minecraft:birch_log":7,"minecraft:white_wool":1,"minecraft:gold_ingot":896,"minecraft:bone":5,"minecraft:dandelion":1,"minecraft:redstone":24,"minecraft:oak_door":1,"minecraft:gravel":13,"minecraft:stone_axe":1,"minecraft:wheat":62,"minecraft:stone_sword":1,"minecraft:cobblestone_wall":2,"minecraft:raw_copper":7,"minecraft:stone_shovel":13,"minecraft:raw_iron":7,"minecraft:birch_sapling":1,"minecraft:red_banner":24,"minecraft:cherry_sapling":579,"minecraft:clay_ball":48,"minecraft:diamond_shovel":2,"minecraft:cherry_slab":2,"minecraft:shears":10,"minecraft:chainmail_chestplate":12,"minecraft:suspicious_stew":12,"minecraft:diamond_sword":1,"minecraft:poppy":1,"minecraft:leather_chestplate":1,"minecraft:potato":3,"minecraft:diamond_chestplate":3,"minecraft:iron_chestplate":7,"minecraft:glowstone":12,"minecraft:chainmail_boots":12,"minecraft:oak_sapling":408,"minecraft:arrow":11,"minecraft:diamond_boots":3,"minecraft:stone_pickaxe":1,"minecraft:basalt":2,"minecraft:bow":1,"minecraft:raw_gold":7,"minecraft:bell":22},"minecraft:killed_by":{"minecraft:player":1,"minecraft:skeleton":10,"minecraft:zombie":1},"minecraft:used":{"minecraft:cherry_sapling":1,"minecraft:stone_sword":2,"minecraft:flint_and_steel":2,"minecraft:chest":12,"minecraft:iron_sword":41,"minecraft:bell":12,"minecraft:oak_door":1,"minecraft:torch":50,"minecraft:brewing_stand":5,"minecraft:dirt":17,"minecraft:jungle_planks":1,"minecraft:obsidian":10,"minecraft:jungle_sapling":17,"minecraft:wooden_axe":25,"minecraft:bookshelf":21,"minecraft:lantern":31,"minecraft:iron_axe":218,"minecraft:cherry_slab":46,"minecraft:golden_carrot":13,"minecraft:furnace":1,"minecraft:cobbled_deepslate":7,"minecraft:cherry_log":6,"minecraft:cooked_mutton":7,"minecraft:water_bucket":11,"minecraft:ender_pearl":5,"minecraft:cherry_planks":1224,"minecraft:composter":38,"minecraft:diamond_axe":488,"minecraft:fletching_table":27,"minecraft:golden_apple":4,"minecraft:loom":1,"minecraft:crafting_table":8,"minecraft:red_bed":47,"minecraft:blast_furnace":1,"minecraft:white_bed":11,"minecraft:dripstone_block":2,"minecraft:diamond_pickaxe":102,"minecraft:diamond_shovel":143,"minecraft:bread":30,"minecraft:iron_pickaxe":121,"minecraft:lectern":158,"minecraft:gravel":94,"minecraft:stone_axe":1,"minecraft:pink_bed":18,"minecraft:diamond_sword":8,"minecraft:cobblestone":7,"minecraft:grindstone":1,"minecraft:cooked_porkchop":4,"minecraft:smithing_table":1,"minecraft:bucket":12,"minecraft:yellow_bed":13,"minecraft:bone_meal":230,"minecraft:dandelion":1,"minecraft:experience_bottle":8},"minecraft:crafted":{"minecraft:cherry_planks":1148,"minecraft:cookie":162,"minecraft:oak_planks":1536,"minecraft:redstone":24,"minecraft:stone_shovel":12,"minecraft:cherry_slab":42,"minecraft:experience_bottle":8,"minecraft:red_banner":12,"minecraft:loom":1,"minecraft:bone_meal":585,"minecraft:diamond_shovel":4,"minecraft:bookshelf":52,"minecraft:suspicious_stew":6,"minecraft:flint_and_steel":1,"minecraft:glass":144,"minecraft:lantern":48,"minecraft:diamond_helmet":3,"minecraft:diamond_leggings":3,"minecraft:iron_axe":3,"minecraft:ender_pearl":12,"minecraft:chest":16,"minecraft:diamond_boots":4,"minecraft:name_tag":3,"minecraft:wheat":126,"minecraft:diamond_sword":2,"minecraft:emerald":333,"minecraft:cooked_porkchop":4,"minecraft:diamond_axe":9,"minecraft:crafting_table":8,"minecraft:iron_sword":4,"minecraft:bell":21,"minecraft:light_blue_wool":16,"minecraft:red_bed":33,"minecraft:chainmail_chestplate":12,"minecraft:smithing_table":1,"minecraft:fletching_table":4,"minecraft:bucket":1,"minecraft:glowstone":12,"minecraft:enchanted_book":11,"minecraft:bread":1578,"minecraft:air":0,"minecraft:jungle_planks":3844,"minecraft:apple":128,"minecraft:iron_chestplate":7,"minecraft:diamond_pickaxe":4,"minecraft:stick":10216,"minecraft:compass":5,"minecraft:iron_ingot":15,"minecraft:chainmail_boots":12,"minecraft:iron_pickaxe":4,"minecraft:wooden_axe":1,"minecraft:iron_shovel":1,"minecraft:iron_leggings":9,"minecraft:white_bed":2,"minecraft:torch":84,"minecraft:shears":10,"minecraft:lapis_lazuli":12,"minecraft:diamond_chestplate":4,"minecraft:golden_carrot":66},"minecraft:killed":{"minecraft:skeleton":7,"minecraft:pig":7,"minecraft:iron_golem":2,"minecraft:creeper":1,"minecraft:sheep":11}},"DataVersion":3955}