{"stats":{"minecraft:mined":{"minecraft:white_bed":9,"minecraft:oak_sapling":1,"minecraft:pink_bed":9,"minecraft:cobblestone_stairs":6,"minecraft:cherry_log":165,"minecraft:brewing_stand":7,"minecraft:obsidian":20,"minecraft:grass_block":110,"minecraft:cracked_polished_blackstone_bricks":11,"minecraft:composter":40,"minecraft:spawner":1,"minecraft:polished_blackstone_bricks":19,"minecraft:iron_ore":24,"minecraft:fire":20,"minecraft:fletching_table":19,"minecraft:deepslate_lapis_ore":3,"minecraft:dirt_path":47,"minecraft:oak_stairs":1,"minecraft:quartz_block":8,"minecraft:red_bed":27,"minecraft:blackstone":2,"minecraft:crimson_nylium":3,"minecraft:torch":3,"minecraft:chest":2,"minecraft:white_stained_glass_pane":10,"minecraft:nether_quartz_ore":3,"minecraft:glass":9,"minecraft:cobblestone":144,"minecraft:oak_planks":22,"minecraft:damaged_anvil":1,"minecraft:cherry_slab":125,"minecraft:pink_petals":14,"minecraft:white_terracotta":1,"minecraft:cherry_fence":43,"minecraft:nether_wart_block":2,"minecraft:birch_log":4,"minecraft:wheat":21,"minecraft:lilac":5,"minecraft:stripped_oak_wood":2,"minecraft:stone_brick_stairs":135,"minecraft:yellow_stained_glass_pane":9,"minecraft:oak_log":156,"minecraft:oak_fence_gate":1,"minecraft:sand":1,"minecraft:dirt":365,"minecraft:crimson_planks":6,"minecraft:netherrack":314,"minecraft:oak_leaves":5,"minecraft:deepslate":7,"minecraft:red_carpet":2,"minecraft:mossy_cobblestone":10,"minecraft:deepslate_diamond_ore":8,"minecraft:oak_door":3,"minecraft:cherry_sapling":4,"minecraft:stripped_cherry_log":20,"minecraft:nether_bricks":48,"minecraft:jungle_planks":9,"minecraft:crimson_roots":5,"minecraft:spruce_leaves":7,"minecraft:hay_block":14,"minecraft:spruce_sapling":8,"minecraft:furnace":2,"minecraft:jungle_sapling":11,"minecraft:gold_block":20,"minecraft:bell":12,"minecraft:nether_brick_fence":27,"minecraft:bookshelf":37,"minecraft:vine":21,"minecraft:cobblestone_slab":1,"minecraft:deepslate_iron_ore":1,"minecraft:lantern":63,"minecraft:stripped_oak_log":1,"minecraft:stone":426,"minecraft:cherry_fence_gate":1,"minecraft:cherry_stairs":20,"minecraft:bone_block":94,"minecraft:podzol":8,"minecraft:redstone_block":9,"minecraft:cherry_planks":678,"minecraft:basalt":4,"minecraft:stone_brick_slab":17,"minecraft:oak_fence":12,"minecraft:crafting_table":13,"minecraft:short_grass":67,"minecraft:lectern":492,"minecraft:copper_ore":4,"minecraft:tall_grass":18,"minecraft:deepslate_gold_ore":2,"minecraft:cobblestone_wall":3,"minecraft:yellow_bed":16,"minecraft:coal_ore":41,"minecraft:cherry_leaves":89,"minecraft:sunflower":4,"minecraft:gravel":132,"minecraft:dripstone_block":1,"minecraft:stone_bricks":182,"minecraft:gold_ore":5},"minecraft:custom":{"minecraft:animals_bred":6,"minecraft:interact_with_crafting_table":73,"minecraft:bell_ring":498,"minecraft:leave_game":39,"minecraft:time_since_death":201367,"minecraft:sprint_one_cm":2079953,"minecraft:damage_blocked_by_shield":765,"minecraft:drop":634,"minecraft:talked_to_villager":1116,"minecraft:play_time":932156,"minecraft:deaths":33,"minecraft:jump":16133,"minecraft:walk_on_water_one_cm":101877,"minecraft:interact_with_furnace":40,"minecraft:traded_with_villager":1359,"minecraft:sleep_in_bed":21,"minecraft:damage_dealt":32066,"minecraft:player_kills":5,"minecraft:crouch_one_cm":410514,"minecraft:interact_with_smithing_table":3,"minecraft:mob_kills":177,"minecraft:interact_with_anvil":19,"minecraft:climb_one_cm":2819,"minecraft:walk_one_cm":1730960,"minecraft:damage_dealt_absorbed":324,"minecraft:sneak_time":101488,"minecraft:walk_under_water_one_cm":122495,"minecraft:total_world_time":932156,"minecraft:pot_flower":3,"minecraft:interact_with_grindstone":3,"minecraft:time_since_rest":197968,"minecraft:damage_taken":14896,"minecraft:damage_absorbed":907,"minecraft:swim_one_cm":205038,"minecraft:fly_one_cm":3754821,"minecraft:open_chest":395,"minecraft:fall_one_cm":456677},"minecraft:used":{"minecraft:cherry_sapling":115,"minecraft:ladder":1,"minecraft:chest":13,"minecraft:shield":6,"minecraft:white_terracotta":1,"minecraft:stone":562,"minecraft:iron_sword":41,"minecraft:bell":12,"minecraft:pink_candle":15,"minecraft:jungle_planks":384,"minecraft:nether_bricks":9,"minecraft:milk_bucket":1,"minecraft:obsidian":32,"minecraft:jungle_sapling":19,"minecraft:glass":69,"minecraft:lava_bucket":13,"minecraft:grass_block":604,"minecraft:lantern":166,"minecraft:cherry_leaves":702,"minecraft:stone_brick_stairs":232,"minecraft:stone_bricks":748,"minecraft:red_carpet":4,"minecraft:furnace":3,"minecraft:damaged_anvil":1,"minecraft:diamond_boots":1,"minecraft:oak_planks":1,"minecraft:blackstone":2,"minecraft:ender_pearl":5,"minecraft:redstone_block":1,"minecraft:composter":38,"minecraft:diamond_axe":2012,"minecraft:golden_apple":36,"minecraft:loom":1,"minecraft:blast_furnace":1,"minecraft:dripstone_block":2,"minecraft:bread":30,"minecraft:lectern":506,"minecraft:gravel":94,"minecraft:diamond_sword":421,"minecraft:grindstone":1,"minecraft:smithing_table":1,"minecraft:stripped_cherry_log":112,"minecraft:bone_meal":243,"minecraft:experience_bottle":100,"minecraft:stone_sword":2,"minecraft:flint_and_steel":52,"minecraft:netherrack":256,"minecraft:oak_door":1,"minecraft:torch":106,"minecraft:brewing_stand":7,"minecraft:dirt":262,"minecraft:anvil":2,"minecraft:diamond_helmet":2,"minecraft:pink_carpet":77,"minecraft:shroomlight":32,"minecraft:stone_brick_slab":23,"minecraft:wooden_axe":25,"minecraft:bookshelf":37,"minecraft:iron_axe":218,"minecraft:oak_stairs":1,"minecraft:cherry_slab":463,"minecraft:cherry_fence_gate":1,"minecraft:crimson_planks":84,"minecraft:diamond_chestplate":2,"minecraft:golden_carrot":104,"minecraft:cobbled_deepslate":7,"minecraft:cherry_fence":298,"minecraft:cherry_log":219,"minecraft:wheat_seeds":20,"minecraft:cooked_mutton":7,"minecraft:water_bucket":30,"minecraft:cherry_planks":2259,"minecraft:fletching_table":27,"minecraft:polished_blackstone_bricks":17,"minecraft:crafting_table":19,"minecraft:red_bed":67,"minecraft:magenta_bed":1,"minecraft:white_bed":11,"minecraft:magenta_carpet":16,"minecraft:flower_pot":4,"minecraft:diamond_pickaxe":1603,"minecraft:diamond_shovel":590,"minecraft:cracked_polished_blackstone_bricks":10,"minecraft:iron_pickaxe":121,"minecraft:spruce_sapling":8,"minecraft:stone_axe":1,"minecraft:pink_petals":151,"minecraft:pink_bed":25,"minecraft:cobblestone":9,"minecraft:cherry_stairs":232,"minecraft:cooked_porkchop":4,"minecraft:bucket":34,"minecraft:pumpkin_pie":1,"minecraft:yellow_bed":13,"minecraft:dandelion":1,"minecraft:diamond_leggings":2},"minecraft:dropped":{"minecraft:iron_sword":8,"minecraft:porkchop":5,"minecraft:diamond_axe":15,"minecraft:lapis_lazuli":12,"minecraft:oak_log":68,"minecraft:crafting_table":1,"minecraft:cooked_porkchop":1,"minecraft:cookie":756,"minecraft:lantern":26,"minecraft:leather":8,"minecraft:jungle_planks":132,"minecraft:leather_helmet":1,"minecraft:emerald":57,"minecraft:cobblestone_stairs":9,"minecraft:flint":11,"minecraft:spruce_leaves":1095,"minecraft:cracked_polished_blackstone_bricks":1,"minecraft:dirt":271,"minecraft:red_bed":3,"minecraft:cherry_trapdoor":1,"minecraft:mutton":21,"minecraft:crimson_roots":3,"minecraft:cherry_leaves":2207,"minecraft:bone_block":21,"minecraft:jungle_sapling":27,"minecraft:gold_nugget":6,"minecraft:pumpkin_pie":2,"minecraft:sunflower":6,"minecraft:bone_meal":166,"minecraft:phantom_membrane":2,"minecraft:polished_blackstone_bricks":2,"minecraft:iron_pickaxe":2,"minecraft:stripped_oak_wood":1,"minecraft:birch_log":7,"minecraft:white_wool":1,"minecraft:cauldron":1,"minecraft:gold_ingot":900,"minecraft:bone":28,"minecraft:oak_door":2,"minecraft:gravel":18,"minecraft:stone_axe":1,"minecraft:cherry_stairs":1,"minecraft:wheat":75,"minecraft:birch_sapling":36,"minecraft:cherry_sapling":679,"minecraft:rotten_flesh":54,"minecraft:pink_carpet":1,"minecraft:diamond_shovel":3,"minecraft:chainmail_chestplate":12,"minecraft:poppy":1,"minecraft:oak_fence_gate":1,"minecraft:leather_chestplate":1,"minecraft:gunpowder":6,"minecraft:quartz_block":7,"minecraft:glowstone":12,"minecraft:chainmail_boots":12,"minecraft:ladder":5,"minecraft:basalt":2,"minecraft:arrow":37,"minecraft:beef":3,"minecraft:stone_brick_stairs":64,"minecraft:netherrack":9,"minecraft:cherry_fence":2,"minecraft:lectern":1,"minecraft:water_bucket":1,"minecraft:enchanted_book":8,"minecraft:iron_ingot":9,"minecraft:bread":2739,"minecraft:wheat_seeds":49,"minecraft:cherry_log":21,"minecraft:lilac":2,"minecraft:mossy_cobblestone":15,"minecraft:bookshelf":3,"minecraft:diamond_leggings":7,"minecraft:oak_fence":8,"minecraft:cobblestone":433,"minecraft:apple":256,"minecraft:grass_block":1,"minecraft:coal":4,"minecraft:golden_apple":34,"minecraft:cherry_fence_gate":32,"minecraft:stick":338,"minecraft:lava_bucket":1,"minecraft:milk_bucket":1,"minecraft:golden_carrot":71,"minecraft:torch":15,"minecraft:nether_wart_block":176,"minecraft:cherry_planks":29,"minecraft:diamond_helmet":5,"minecraft:iron_leggings":9,"minecraft:oak_stairs":1,"minecraft:iron_axe":2,"minecraft:iron_shovel":1,"minecraft:string":10,"minecraft:pink_petals":42,"minecraft:bucket":1,"minecraft:spruce_sapling":8,"minecraft:redstone_block":3,"minecraft:dandelion":2,"minecraft:redstone":24,"minecraft:stone_sword":1,"minecraft:cobblestone_wall":3,"minecraft:raw_copper":38,"minecraft:raw_iron":7,"minecraft:stone_shovel":13,"minecraft:red_banner":24,"minecraft:clay_ball":48,"minecraft:light_gray_wool":6,"minecraft:cyan_stained_glass_pane":64,"minecraft:cherry_slab":2,"minecraft:nether_bricks":4,"minecraft:shears":10,"minecraft:suspicious_stew":36,"minecraft:diamond_sword":4,"minecraft:potato":5,"minecraft:cobblestone_slab":2,"minecraft:shroomlight":2,"minecraft:shield":1,"minecraft:diamond_chestplate":6,"minecraft:diamond_pickaxe":1,"minecraft:iron_chestplate":7,"minecraft:oak_sapling":601,"minecraft:golden_sword":1,"minecraft:stripped_cherry_log":1,"minecraft:stone_bricks":113,"minecraft:spider_eye":7,"minecraft:diamond_boots":6,"minecraft:stone_pickaxe":1,"minecraft:bow":2,"minecraft:raw_gold":7,"minecraft:bell":22,"minecraft:terracotta":8},"minecraft:killed_by":{"minecraft:zombie":1,"minecraft:player":2,"minecraft:iron_golem":1,"minecraft:skeleton":10},"minecraft:killed":{"minecraft:zombified_piglin":23,"minecraft:spider":6,"minecraft:skeleton":21,"minecraft:piglin_brute":7,"minecraft:magma_cube":16,"minecraft:piglin":15,"minecraft:pig":7,"minecraft:iron_golem":2,"minecraft:creeper":6,"minecraft:sheep":14,"minecraft:pillager":4,"minecraft:zombie":22,"minecraft:blaze":9,"minecraft:cow":2,"minecraft:phantom":1,"minecraft:drowned":4,"minecraft:hoglin":9,"minecraft:wither_skeleton":6},"minecraft:picked_up":{"minecraft:wooden_axe":3,"minecraft:wheat":81,"minecraft:redstone_block":4,"minecraft:nether_brick_fence":26,"minecraft:anvil":1,"minecraft:suspicious_stew":6,"minecraft:diamond_sword":11,"minecraft:lead":14,"minecraft:oak_stairs":7,"minecraft:enchanted_book":21,"minecraft:golden_sword":2,"minecraft:stone_brick_stairs":133,"minecraft:crimson_planks":4,"minecraft:brewing_stand":7,"minecraft:string":9,"minecraft:raw_copper":45,"minecraft:diamond_leggings":10,"minecraft:gold_nugget":28,"minecraft:cobbled_deepslate":13,"minecraft:cobblestone_slab":2,"minecraft:iron_pickaxe":9,"minecraft:furnace":3,"minecraft:stick":424,"minecraft:composter":40,"minecraft:oak_fence":11,"minecraft:torch":137,"minecraft:pink_carpet":1,"minecraft:porkchop":40,"minecraft:golden_axe":1,"minecraft:cherry_log":1552,"minecraft:pointed_dripstone":5,"minecraft:diorite":5,"minecraft:cyan_stained_glass_pane":64,"minecraft:cauldron":1,"minecraft:quartz_block":7,"minecraft:stone_sword":3,"minecraft:rotten_flesh":66,"minecraft:bookshelf":40,"minecraft:white_terracotta":1,"minecraft:blaze_rod":11,"minecraft:obsidian":20,"minecraft:cobblestone":612,"minecraft:birch_log":10,"minecraft:pink_petals":62,"minecraft:leather_chestplate":2,"minecraft:magma_cream":1,"minecraft:lilac":2,"minecraft:cherry_planks":1438,"minecraft:cherry_leaves":832,"minecraft:water_bucket":1,"minecraft:jungle_log":108,"minecraft:potato":6,"minecraft:flint":20,"minecraft:cherry_fence":43,"minecraft:lapis_lazuli":207,"minecraft:dirt":486,"minecraft:lantern":109,"minecraft:name_tag":3,"minecraft:glass":152,"minecraft:bone":52,"minecraft:bow":2,"minecraft:wheat_seeds":67,"minecraft:raw_gold":70,"minecraft:bell":13,"minecraft:grindstone":1,"minecraft:diamond_helmet":11,"minecraft:fletching_table":19,"minecraft:oak_planks":251,"minecraft:cooked_porkchop":2,"minecraft:jungle_planks":3,"minecraft:sand":1,"minecraft:grass_block":24,"minecraft:mossy_cobblestone":13,"minecraft:diamond":80,"minecraft:cracked_polished_blackstone_bricks":11,"minecraft:bone_meal":252,"minecraft:golden_apple":192,"minecraft:bread":472,"minecraft:emerald":801,"minecraft:netherrack":274,"minecraft:oak_sapling":405,"minecraft:cherry_slab":130,"minecraft:crimson_roots":3,"minecraft:diamond_pickaxe":10,"minecraft:crafting_table":15,"minecraft:ladder":8,"minecraft:clay_ball":72,"minecraft:gold_block":19,"minecraft:stripped_cherry_log":23,"minecraft:red_bed":29,"minecraft:iron_axe":2,"minecraft:flint_and_steel":3,"minecraft:blackstone":2,"minecraft:compass":5,"minecraft:iron_shovel":4,"minecraft:beef":3,"minecraft:jungle_sapling":26,"minecraft:poppy":1,"minecraft:light_gray_wool":6,"minecraft:lectern":503,"minecraft:chest":2,"minecraft:birch_sapling":1,"minecraft:phantom_membrane":4,"minecraft:cherry_trapdoor":1,"minecraft:raw_iron":196,"minecraft:cherry_stairs":20,"minecraft:oak_door":3,"minecraft:polished_blackstone_bricks":19,"minecraft:cookie":163,"minecraft:cherry_fence_gate":1,"minecraft:arrow":61,"minecraft:diamond_chestplate":11,"minecraft:stone_shovel":1,"minecraft:pumpkin_pie":3,"minecraft:nether_bricks":45,"minecraft:diamond_boots":10,"minecraft:hay_block":14,"minecraft:gold_ingot":3,"minecraft:mutton":111,"minecraft:white_wool":47,"minecraft:bone_block":92,"minecraft:stripped_oak_log":1,"minecraft:clock":1,"minecraft:basalt":3,"minecraft:golden_carrot":269,"minecraft:salmon":4,"minecraft:leather":16,"minecraft:crimson_fungus":1,"minecraft:oak_log":477,"minecraft:golden_boots":1,"minecraft:yellow_bed":17,"minecraft:cobblestone_wall":3,"minecraft:gunpowder":6,"minecraft:cobblestone_stairs":9,"minecraft:cooked_mutton":17,"minecraft:red_carpet":2,"minecraft:apple":161,"minecraft:stone_bricks":167,"minecraft:oak_fence_gate":1,"minecraft:iron_ingot":17,"minecraft:stone_pickaxe":2,"minecraft:stripped_oak_wood":2,"minecraft:iron_sword":6,"minecraft:book":136,"minecraft:oak_slab":3,"minecraft:pink_bed":12,"minecraft:milk_bucket":2,"minecraft:stone_brick_slab":17,"minecraft:quartz":5,"minecraft:dandelion":2,"minecraft:dripstone_block":4,"minecraft:gravel":112,"minecraft:lava_bucket":5,"minecraft:red_banner":12,"minecraft:spruce_sapling":8,"minecraft:white_bed":10,"minecraft:spider_eye":7,"minecraft:leather_helmet":1,"minecraft:diamond_shovel":10,"minecraft:stone_axe":2,"minecraft:diamond_axe":12,"minecraft:cherry_sapling":166,"minecraft:damaged_anvil":1,"minecraft:coal":193,"minecraft:sunflower":8,"minecraft:ender_pearl":21},"minecraft:crafted":{"minecraft:oak_planks":1536,"minecraft:cherry_slab":612,"minecraft:loom":1,"minecraft:stone":57,"minecraft:diamond_shovel":4,"minecraft:bookshelf":62,"minecraft:suspicious_stew":30,"minecraft:glass":144,"minecraft:stone_brick_slab":6,"minecraft:diamond_helmet":3,"minecraft:diamond_leggings":3,"minecraft:chest":17,"minecraft:stone_bricks":44,"minecraft:cherry_fence":240,"minecraft:name_tag":3,"minecraft:emerald":379,"minecraft:cooked_porkchop":4,"minecraft:diamond_axe":10,"minecraft:crafting_table":10,"minecraft:chainmail_chestplate":12,"minecraft:smithing_table":1,"minecraft:clock":1,"minecraft:fletching_table":4,"minecraft:apple":128,"minecraft:stone_brick_stairs":16,"minecraft:iron_chestplate":7,"minecraft:diamond_pickaxe":4,"minecraft:stick":11792,"minecraft:iron_ingot":15,"minecraft:compass":5,"minecraft:iron_pickaxe":4,"minecraft:shears":10,"minecraft:golden_carrot":234,"minecraft:cherry_planks":1520,"minecraft:cookie":594,"minecraft:redstone":24,"minecraft:stone_shovel":12,"minecraft:experience_bottle":8,"minecraft:furnace":1,"minecraft:red_banner":12,"minecraft:bone_meal":585,"minecraft:stone_stairs":16,"minecraft:flint_and_steel":1,"minecraft:lantern":132,"minecraft:iron_axe":3,"minecraft:cherry_stairs":136,"minecraft:ender_pearl":12,"minecraft:diamond_boots":4,"minecraft:spruce_sapling":8,"minecraft:cherry_fence_gate":32,"minecraft:wheat":126,"minecraft:crimson_planks":80,"minecraft:diamond_sword":2,"minecraft:iron_sword":4,"minecraft:bell":21,"minecraft:light_blue_wool":16,"minecraft:red_bed":40,"minecraft:bucket":1,"minecraft:glowstone":12,"minecraft:enchanted_book":60,"minecraft:bread":1578,"minecraft:air":0,"minecraft:jungle_planks":5100,"minecraft:chainmail_boots":12,"minecraft:wooden_axe":1,"minecraft:iron_shovel":1,"minecraft:iron_leggings":9,"minecraft:white_bed":2,"minecraft:torch":84,"minecraft:lapis_lazuli":12,"minecraft:diamond_chestplate":4}},"DataVersion":3955}