{"stats":{"minecraft:mined":{"minecraft:white_bed":13,"minecraft:oak_sapling":1,"minecraft:pink_bed":18,"minecraft:cherry_log":165,"minecraft:cobblestone_stairs":6,"minecraft:brewing_stand":7,"minecraft:obsidian":38,"minecraft:cherry_trapdoor":3,"minecraft:grass_block":139,"minecraft:cracked_polished_blackstone_bricks":11,"minecraft:white_concrete":28,"minecraft:soul_soil":4,"minecraft:composter":43,"minecraft:spawner":1,"minecraft:polished_blackstone_bricks":19,"minecraft:iron_ore":24,"minecraft:fire":21,"minecraft:deepslate_lapis_ore":3,"minecraft:fletching_table":28,"minecraft:dirt_path":130,"minecraft:oak_stairs":1,"minecraft:quartz_block":11,"minecraft:red_bed":54,"minecraft:blackstone":2,"minecraft:crimson_nylium":3,"minecraft:soul_fire":4,"minecraft:torch":3,"minecraft:blast_furnace":1,"minecraft:chest":2,"minecraft:white_stained_glass_pane":10,"minecraft:nether_quartz_ore":3,"minecraft:glass":9,"minecraft:cobblestone":144,"minecraft:grindstone":1,"minecraft:oak_planks":22,"minecraft:damaged_anvil":1,"minecraft:wall_torch":1,"minecraft:cherry_slab":155,"minecraft:pink_petals":17,"minecraft:white_terracotta":1,"minecraft:cherry_fence":54,"minecraft:nether_wart_block":2,"minecraft:birch_log":4,"minecraft:wheat":22,"minecraft:lilac":5,"minecraft:stripped_oak_wood":2,"minecraft:stone_brick_stairs":144,"minecraft:yellow_stained_glass_pane":9,"minecraft:oak_log":156,"minecraft:oak_fence_gate":1,"minecraft:loom":1,"minecraft:sand":2,"minecraft:dirt":401,"minecraft:crimson_planks":6,"minecraft:netherrack":326,"minecraft:oak_leaves":5,"minecraft:deepslate":7,"minecraft:red_carpet":2,"minecraft:pink_carpet":48,"minecraft:mossy_cobblestone":10,"minecraft:deepslate_diamond_ore":8,"minecraft:oak_door":3,"minecraft:cherry_sapling":5,"minecraft:stripped_cherry_log":22,"minecraft:nether_bricks":48,"minecraft:jungle_planks":9,"minecraft:crimson_roots":5,"minecraft:spruce_leaves":7,"minecraft:cherry_wall_sign":1,"minecraft:hay_block":14,"minecraft:spruce_sapling":8,"minecraft:furnace":2,"minecraft:jungle_sapling":11,"minecraft:gold_block":20,"minecraft:bell":13,"minecraft:nether_brick_fence":27,"minecraft:bookshelf":37,"minecraft:cobblestone_slab":1,"minecraft:deepslate_iron_ore":1,"minecraft:vine":21,"minecraft:lantern":63,"minecraft:stripped_oak_log":1,"minecraft:stone":427,"minecraft:cherry_fence_gate":1,"minecraft:cherry_stairs":22,"minecraft:bone_block":94,"minecraft:smithing_table":3,"minecraft:podzol":8,"minecraft:redstone_block":9,"minecraft:cherry_planks":1232,"minecraft:soul_sand":59,"minecraft:basalt":4,"minecraft:stone_brick_slab":17,"minecraft:oak_fence":12,"minecraft:crafting_table":14,"minecraft:short_grass":77,"minecraft:lectern":492,"minecraft:copper_ore":4,"minecraft:tall_grass":21,"minecraft:deepslate_gold_ore":2,"minecraft:cobblestone_wall":3,"minecraft:quartz_pillar":4,"minecraft:yellow_bed":22,"minecraft:coal_ore":41,"minecraft:cherry_leaves":100,"minecraft:sunflower":10,"minecraft:gravel":133,"minecraft:dripstone_block":1,"minecraft:stone_bricks":305,"minecraft:gold_ore":5},"minecraft:used":{"minecraft:cherry_sapling":116,"minecraft:smooth_quartz_slab":19,"minecraft:ladder":1,"minecraft:diamond_hoe":8,"minecraft:chest":19,"minecraft:iron_sword":41,"minecraft:shield":6,"minecraft:white_terracotta":1,"minecraft:stone":562,"minecraft:bell":14,"minecraft:pink_candle":15,"minecraft:jungle_planks":384,"minecraft:nether_bricks":9,"minecraft:milk_bucket":1,"minecraft:obsidian":60,"minecraft:jungle_sapling":19,"minecraft:glass":69,"minecraft:lava_bucket":15,"minecraft:quartz_pillar":55,"minecraft:grass_block":604,"minecraft:lantern":174,"minecraft:quartz_block":3,"minecraft:cherry_leaves":758,"minecraft:stone_brick_stairs":232,"minecraft:stone_bricks":748,"minecraft:red_carpet":4,"minecraft:furnace":3,"minecraft:damaged_anvil":1,"minecraft:diamond_boots":1,"minecraft:oak_planks":1,"minecraft:blackstone":2,"minecraft:ender_pearl":6,"minecraft:redstone_block":1,"minecraft:composter":41,"minecraft:diamond_axe":2690,"minecraft:golden_apple":36,"minecraft:loom":2,"minecraft:blast_furnace":2,"minecraft:dripstone_block":2,"minecraft:bread":30,"minecraft:lectern":506,"minecraft:cherry_sign":23,"minecraft:gravel":94,"minecraft:diamond_sword":527,"minecraft:grindstone":2,"minecraft:smithing_table":4,"minecraft:chain":7,"minecraft:white_concrete":66,"minecraft:stripped_cherry_log":113,"minecraft:bone_meal":243,"minecraft:experience_bottle":100,"minecraft:cherry_boat":39,"minecraft:stone_sword":2,"minecraft:flint_and_steel":54,"minecraft:netherrack":264,"minecraft:oak_door":1,"minecraft:brewing_stand":7,"minecraft:torch":107,"minecraft:dirt":298,"minecraft:anvil":2,"minecraft:diamond_helmet":2,"minecraft:pink_carpet":86,"minecraft:shroomlight":32,"minecraft:stone_brick_slab":23,"minecraft:wooden_axe":25,"minecraft:bookshelf":37,"minecraft:iron_axe":218,"minecraft:oak_stairs":1,"minecraft:cherry_slab":532,"minecraft:cherry_trapdoor":44,"minecraft:cherry_fence_gate":4,"minecraft:crimson_planks":84,"minecraft:diamond_chestplate":2,"minecraft:golden_carrot":148,"minecraft:cobbled_deepslate":7,"minecraft:cherry_fence":349,"minecraft:cherry_log":219,"minecraft:cobbled_deepslate_wall":13,"minecraft:wheat_seeds":20,"minecraft:cooked_mutton":7,"minecraft:water_bucket":81,"minecraft:lead":1,"minecraft:cherry_planks":3130,"minecraft:fletching_table":36,"minecraft:polished_blackstone_bricks":17,"minecraft:crafting_table":21,"minecraft:red_bed":72,"minecraft:magenta_bed":1,"minecraft:white_bed":12,"minecraft:magenta_carpet":16,"minecraft:flower_pot":4,"minecraft:diamond_pickaxe":1806,"minecraft:diamond_shovel":793,"minecraft:sunflower":6,"minecraft:cracked_polished_blackstone_bricks":10,"minecraft:iron_pickaxe":121,"minecraft:spruce_sapling":8,"minecraft:stone_axe":1,"minecraft:pink_petals":151,"minecraft:pink_bed":28,"minecraft:cobblestone":9,"minecraft:cherry_stairs":269,"minecraft:cooked_porkchop":4,"minecraft:bucket":88,"minecraft:yellow_bed":15,"minecraft:pumpkin_pie":1,"minecraft:dandelion":1,"minecraft:diamond_leggings":2},"minecraft:killed":{"minecraft:zombified_piglin":25,"minecraft:spider":7,"minecraft:skeleton":24,"minecraft:piglin_brute":7,"minecraft:skeleton_horse":1,"minecraft:magma_cube":16,"minecraft:piglin":15,"minecraft:pig":7,"minecraft:zombie_villager":1,"minecraft:iron_golem":5,"minecraft:creeper":6,"minecraft:sheep":14,"minecraft:pillager":4,"minecraft:zombie":31,"minecraft:blaze":9,"minecraft:cow":2,"minecraft:phantom":2,"minecraft:drowned":4,"minecraft:hoglin":9,"minecraft:wither_skeleton":6,"minecraft:villager":1,"minecraft:enderman":1},"minecraft:custom":{"minecraft:animals_bred":6,"minecraft:interact_with_crafting_table":90,"minecraft:bell_ring":546,"minecraft:leave_game":45,"minecraft:time_since_death":80051,"minecraft:sprint_one_cm":2683343,"minecraft:damage_blocked_by_shield":765,"minecraft:drop":687,"minecraft:talked_to_villager":1134,"minecraft:play_time":1247774,"minecraft:deaths":39,"minecraft:jump":21268,"minecraft:walk_on_water_one_cm":148294,"minecraft:interact_with_furnace":41,"minecraft:traded_with_villager":1359,"minecraft:interact_with_loom":1,"minecraft:sleep_in_bed":25,"minecraft:damage_dealt":37549,"minecraft:player_kills":5,"minecraft:crouch_one_cm":451149,"minecraft:horse_one_cm":146404,"minecraft:interact_with_smithing_table":3,"minecraft:mob_kills":201,"minecraft:interact_with_anvil":24,"minecraft:climb_one_cm":4067,"minecraft:walk_one_cm":2135008,"minecraft:damage_dealt_absorbed":324,"minecraft:sneak_time":110864,"minecraft:walk_under_water_one_cm":156495,"minecraft:boat_one_cm":273150,"minecraft:total_world_time":1247774,"minecraft:pot_flower":3,"minecraft:interact_with_grindstone":3,"minecraft:time_since_rest":75749,"minecraft:damage_taken":17901,"minecraft:damage_absorbed":907,"minecraft:swim_one_cm":280815,"minecraft:fly_one_cm":4997108,"minecraft:open_chest":558,"minecraft:fall_one_cm":595653},"minecraft:killed_by":{"minecraft:zombie":1,"minecraft:player":7,"minecraft:iron_golem":1,"minecraft:skeleton":10},"minecraft:dropped":{"minecraft:iron_sword":8,"minecraft:soul_sand":15,"minecraft:porkchop":5,"minecraft:diamond_axe":15,"minecraft:lapis_lazuli":12,"minecraft:oak_log":68,"minecraft:crafting_table":2,"minecraft:cooked_porkchop":1,"minecraft:cookie":756,"minecraft:lantern":26,"minecraft:leather":8,"minecraft:jungle_planks":132,"minecraft:leather_helmet":1,"minecraft:emerald":57,"minecraft:cobblestone_stairs":9,"minecraft:flint":11,"minecraft:spruce_leaves":1095,"minecraft:cracked_polished_blackstone_bricks":1,"minecraft:dirt":367,"minecraft:red_bed":6,"minecraft:cherry_trapdoor":1,"minecraft:mutton":21,"minecraft:crimson_roots":3,"minecraft:cherry_leaves":2207,"minecraft:bone_block":21,"minecraft:jungle_sapling":27,"minecraft:pumpkin_pie":2,"minecraft:gold_nugget":28,"minecraft:sunflower":6,"minecraft:bone_meal":166,"minecraft:phantom_membrane":3,"minecraft:polished_blackstone_bricks":2,"minecraft:iron_pickaxe":2,"minecraft:stripped_oak_wood":1,"minecraft:birch_log":7,"minecraft:white_wool":1,"minecraft:cauldron":1,"minecraft:gold_ingot":900,"minecraft:bone":51,"minecraft:oak_door":2,"minecraft:gravel":19,"minecraft:stone_axe":1,"minecraft:cherry_stairs":1,"minecraft:pig_spawn_egg":2,"minecraft:wheat":75,"minecraft:pink_dye":1,"minecraft:birch_sapling":36,"minecraft:cherry_sapling":679,"minecraft:rotten_flesh":82,"minecraft:pink_carpet":22,"minecraft:diamond_shovel":3,"minecraft:nether_brick_fence":26,"minecraft:carrot":5,"minecraft:salmon":3,"minecraft:chainmail_chestplate":12,"minecraft:poppy":3,"minecraft:oak_fence_gate":1,"minecraft:leather_chestplate":1,"minecraft:gunpowder":6,"minecraft:quartz_block":7,"minecraft:glowstone":12,"minecraft:chest":2,"minecraft:chainmail_boots":12,"minecraft:ladder":5,"minecraft:basalt":3,"minecraft:arrow":45,"minecraft:beef":3,"minecraft:quartz":5,"minecraft:stone_brick_stairs":64,"minecraft:cherry_fence":2,"minecraft:netherrack":17,"minecraft:lectern":1,"minecraft:enchanted_book":8,"minecraft:water_bucket":1,"minecraft:iron_ingot":9,"minecraft:bread":2739,"minecraft:wheat_seeds":49,"minecraft:cherry_log":21,"minecraft:lilac":2,"minecraft:mossy_cobblestone":15,"minecraft:bookshelf":3,"minecraft:diamond_leggings":7,"minecraft:oak_fence":8,"minecraft:golden_axe":1,"minecraft:cobblestone":433,"minecraft:apple":256,"minecraft:grass_block":2,"minecraft:coal":9,"minecraft:golden_apple":34,"minecraft:stick":338,"minecraft:cherry_fence_gate":32,"minecraft:lava_bucket":1,"minecraft:milk_bucket":1,"minecraft:golden_carrot":71,"minecraft:torch":16,"minecraft:nether_wart_block":176,"minecraft:cherry_planks":84,"minecraft:diamond_helmet":5,"minecraft:iron_leggings":9,"minecraft:oak_stairs":1,"minecraft:iron_axe":2,"minecraft:iron_shovel":1,"minecraft:string":10,"minecraft:pink_petals":44,"minecraft:bucket":1,"minecraft:spruce_sapling":8,"minecraft:redstone_block":3,"minecraft:dandelion":3,"minecraft:redstone":24,"minecraft:soul_soil":10,"minecraft:stone_sword":1,"minecraft:cobblestone_wall":4,"minecraft:raw_copper":38,"minecraft:raw_iron":7,"minecraft:stone_shovel":13,"minecraft:red_banner":24,"minecraft:clay_ball":48,"minecraft:light_gray_wool":6,"minecraft:cyan_stained_glass_pane":64,"minecraft:cherry_slab":9,"minecraft:nether_bricks":34,"minecraft:shears":10,"minecraft:suspicious_stew":36,"minecraft:flint_and_steel":1,"minecraft:diamond_sword":5,"minecraft:potato":5,"minecraft:cobblestone_slab":2,"minecraft:shroomlight":2,"minecraft:shield":1,"minecraft:diamond_chestplate":6,"minecraft:diamond_pickaxe":1,"minecraft:iron_chestplate":7,"minecraft:yellow_bed":1,"minecraft:oak_sapling":601,"minecraft:golden_sword":2,"minecraft:stripped_cherry_log":1,"minecraft:stone_bricks":113,"minecraft:spider_eye":7,"minecraft:diamond_boots":6,"minecraft:stone_pickaxe":1,"minecraft:bow":2,"minecraft:raw_gold":7,"minecraft:bell":22,"minecraft:magma_cream":1,"minecraft:terracotta":8},"minecraft:picked_up":{"minecraft:wooden_axe":3,"minecraft:wheat":81,"minecraft:redstone_block":4,"minecraft:nether_brick_fence":26,"minecraft:anvil":1,"minecraft:suspicious_stew":6,"minecraft:diamond_sword":19,"minecraft:smithing_table":3,"minecraft:lead":16,"minecraft:oak_stairs":7,"minecraft:enchanted_book":21,"minecraft:stone_brick_stairs":142,"minecraft:crimson_planks":4,"minecraft:brewing_stand":7,"minecraft:golden_sword":2,"minecraft:string":9,"minecraft:soul_soil":10,"minecraft:raw_copper":45,"minecraft:netherite_ingot":2,"minecraft:cherry_boat":31,"minecraft:diamond_leggings":12,"minecraft:gold_nugget":29,"minecraft:cobbled_deepslate":13,"minecraft:cobblestone_slab":2,"minecraft:netherite_upgrade_smithing_template":4,"minecraft:iron_pickaxe":9,"minecraft:furnace":3,"minecraft:stick":538,"minecraft:composter":43,"minecraft:oak_fence":11,"minecraft:torch":141,"minecraft:pink_carpet":45,"minecraft:porkchop":40,"minecraft:golden_axe":1,"minecraft:cherry_log":1552,"minecraft:pointed_dripstone":5,"minecraft:diorite":5,"minecraft:cyan_stained_glass_pane":64,"minecraft:cauldron":1,"minecraft:quartz_block":10,"minecraft:stone_sword":3,"minecraft:rotten_flesh":85,"minecraft:cow_spawn_egg":3,"minecraft:bookshelf":40,"minecraft:white_terracotta":1,"minecraft:blaze_rod":11,"minecraft:obsidian":38,"minecraft:cobblestone":612,"minecraft:birch_log":10,"minecraft:pink_petals":70,"minecraft:leather_chestplate":2,"minecraft:lilac":2,"minecraft:magma_cream":1,"minecraft:cherry_planks":2227,"minecraft:cherry_leaves":832,"minecraft:water_bucket":3,"minecraft:jungle_log":108,"minecraft:potato":6,"minecraft:flint":20,"minecraft:cherry_fence":173,"minecraft:lapis_lazuli":207,"minecraft:dirt":799,"minecraft:lantern":130,"minecraft:name_tag":3,"minecraft:glass":152,"minecraft:bone":81,"minecraft:bow":2,"minecraft:wheat_seeds":69,"minecraft:raw_gold":70,"minecraft:bell":14,"minecraft:grindstone":2,"minecraft:diamond_helmet":12,"minecraft:fletching_table":28,"minecraft:oak_planks":251,"minecraft:cooked_porkchop":2,"minecraft:pig_spawn_egg":42,"minecraft:sand":1,"minecraft:jungle_planks":3,"minecraft:grass_block":25,"minecraft:loom":1,"minecraft:mossy_cobblestone":13,"minecraft:diamond":84,"minecraft:cracked_polished_blackstone_bricks":11,"minecraft:white_concrete":28,"minecraft:bone_meal":252,"minecraft:golden_apple":192,"minecraft:emerald":801,"minecraft:bread":472,"minecraft:oak_sapling":405,"minecraft:cherry_slab":264,"minecraft:netherrack":281,"minecraft:crimson_roots":3,"minecraft:diamond_pickaxe":12,"minecraft:crafting_table":16,"minecraft:ladder":8,"minecraft:clay_ball":72,"minecraft:gold_block":19,"minecraft:stripped_cherry_log":25,"minecraft:red_bed":57,"minecraft:iron_axe":2,"minecraft:flint_and_steel":4,"minecraft:compass":5,"minecraft:iron_shovel":4,"minecraft:blackstone":2,"minecraft:beef":3,"minecraft:jungle_sapling":26,"minecraft:poppy":3,"minecraft:light_gray_wool":6,"minecraft:lectern":503,"minecraft:chest":6,"minecraft:birch_sapling":1,"minecraft:cherry_trapdoor":4,"minecraft:phantom_membrane":5,"minecraft:diamond_hoe":2,"minecraft:raw_iron":196,"minecraft:cherry_stairs":22,"minecraft:oak_door":3,"minecraft:polished_blackstone_bricks":19,"minecraft:quartz_pillar":4,"minecraft:cookie":163,"minecraft:carrot":10,"minecraft:cherry_fence_gate":1,"minecraft:stone_shovel":1,"minecraft:arrow":77,"minecraft:diamond_chestplate":13,"minecraft:pumpkin_pie":3,"minecraft:nether_bricks":45,"minecraft:diamond_boots":12,"minecraft:hay_block":14,"minecraft:gold_ingot":3,"minecraft:mutton":111,"minecraft:bone_block":92,"minecraft:white_wool":47,"minecraft:stripped_oak_log":1,"minecraft:clock":1,"minecraft:basalt":3,"minecraft:golden_carrot":348,"minecraft:salmon":16,"minecraft:leather":16,"minecraft:crimson_fungus":1,"minecraft:oak_log":477,"minecraft:ancient_debris":2,"minecraft:golden_boots":1,"minecraft:yellow_bed":23,"minecraft:cobblestone_wall":3,"minecraft:gunpowder":6,"minecraft:cobblestone_stairs":9,"minecraft:cooked_mutton":17,"minecraft:red_carpet":2,"minecraft:apple":161,"minecraft:stone_bricks":290,"minecraft:oak_fence_gate":1,"minecraft:iron_ingot":17,"minecraft:stone_pickaxe":2,"minecraft:cherry_sign":1,"minecraft:stripped_oak_wood":2,"minecraft:iron_sword":6,"minecraft:soul_sand":15,"minecraft:book":136,"minecraft:pink_bed":16,"minecraft:oak_slab":3,"minecraft:milk_bucket":2,"minecraft:stone_brick_slab":17,"minecraft:quartz":5,"minecraft:dandelion":3,"minecraft:dripstone_block":4,"minecraft:gravel":115,"minecraft:lava_bucket":7,"minecraft:spruce_sapling":8,"minecraft:red_banner":12,"minecraft:blast_furnace":1,"minecraft:white_bed":10,"minecraft:spider_eye":7,"minecraft:leather_helmet":1,"minecraft:diamond_shovel":12,"minecraft:stone_axe":2,"minecraft:diamond_axe":14,"minecraft:cherry_sapling":167,"minecraft:damaged_anvil":1,"minecraft:pink_dye":1,"minecraft:coal":193,"minecraft:sunflower":14,"minecraft:ender_pearl":22},"minecraft:crafted":{"minecraft:oak_planks":1536,"minecraft:cherry_slab":648,"minecraft:cherry_boat":14,"minecraft:loom":1,"minecraft:stone":57,"minecraft:diamond_shovel":4,"minecraft:bookshelf":62,"minecraft:suspicious_stew":30,"minecraft:glass":144,"minecraft:stone_brick_slab":6,"minecraft:diamond_helmet":3,"minecraft:diamond_leggings":3,"minecraft:chest":25,"minecraft:stone_bricks":44,"minecraft:cherry_fence":240,"minecraft:name_tag":3,"minecraft:emerald":379,"minecraft:cooked_porkchop":4,"minecraft:diamond_axe":10,"minecraft:crafting_table":12,"minecraft:chainmail_chestplate":12,"minecraft:smithing_table":1,"minecraft:clock":1,"minecraft:fletching_table":4,"minecraft:apple":128,"minecraft:stone_brick_stairs":16,"minecraft:cherry_sign":15,"minecraft:iron_chestplate":7,"minecraft:diamond_pickaxe":4,"minecraft:stick":11816,"minecraft:iron_ingot":15,"minecraft:compass":5,"minecraft:iron_pickaxe":4,"minecraft:shears":10,"minecraft:golden_carrot":234,"minecraft:cherry_planks":2172,"minecraft:cookie":594,"minecraft:redstone":24,"minecraft:stone_shovel":12,"minecraft:experience_bottle":8,"minecraft:diamond_hoe":1,"minecraft:furnace":1,"minecraft:red_banner":12,"minecraft:bone_meal":585,"minecraft:flint_and_steel":1,"minecraft:stone_stairs":16,"minecraft:cherry_trapdoor":20,"minecraft:lantern":132,"minecraft:iron_axe":3,"minecraft:cherry_stairs":192,"minecraft:ender_pearl":12,"minecraft:diamond_boots":4,"minecraft:spruce_sapling":8,"minecraft:cherry_fence_gate":32,"minecraft:wheat":126,"minecraft:crimson_planks":80,"minecraft:diamond_sword":2,"minecraft:iron_sword":4,"minecraft:bell":21,"minecraft:light_blue_wool":16,"minecraft:red_bed":40,"minecraft:bucket":1,"minecraft:glowstone":12,"minecraft:enchanted_book":60,"minecraft:bread":1578,"minecraft:air":0,"minecraft:jungle_planks":5100,"minecraft:chainmail_boots":12,"minecraft:wooden_axe":1,"minecraft:iron_shovel":1,"minecraft:iron_leggings":9,"minecraft:white_bed":2,"minecraft:torch":84,"minecraft:lapis_lazuli":12,"minecraft:diamond_chestplate":4}},"DataVersion":3955}