{"stats":{"minecraft:picked_up":{"minecraft:wooden_axe":3,"minecraft:wheat":81,"minecraft:anvil":1,"minecraft:suspicious_stew":6,"minecraft:lead":14,"minecraft:diamond_sword":5,"minecraft:oak_stairs":7,"minecraft:enchanted_book":21,"minecraft:stone_brick_stairs":133,"minecraft:brewing_stand":7,"minecraft:string":2,"minecraft:raw_copper":14,"minecraft:diamond_leggings":4,"minecraft:gold_nugget":1,"minecraft:cobbled_deepslate":13,"minecraft:iron_pickaxe":9,"minecraft:furnace":3,"minecraft:stick":422,"minecraft:composter":40,"minecraft:oak_fence":11,"minecraft:torch":128,"minecraft:porkchop":24,"minecraft:cherry_log":1515,"minecraft:pointed_dripstone":5,"minecraft:diorite":5,"minecraft:stone_sword":3,"minecraft:rotten_flesh":11,"minecraft:bookshelf":40,"minecraft:white_terracotta":1,"minecraft:obsidian":20,"minecraft:cobblestone":148,"minecraft:birch_log":7,"minecraft:pink_petals":21,"minecraft:leather_chestplate":2,"minecraft:cherry_planks":1131,"minecraft:cherry_leaves":831,"minecraft:jungle_log":108,"minecraft:potato":3,"minecraft:flint":10,"minecraft:cherry_fence":35,"minecraft:lapis_lazuli":207,"minecraft:dirt":156,"minecraft:lantern":104,"minecraft:name_tag":3,"minecraft:glass":152,"minecraft:bone":27,"minecraft:bow":2,"minecraft:wheat_seeds":57,"minecraft:raw_gold":70,"minecraft:bell":13,"minecraft:grindstone":1,"minecraft:diamond_helmet":5,"minecraft:fletching_table":19,"minecraft:oak_planks":251,"minecraft:cooked_porkchop":2,"minecraft:sand":1,"minecraft:grass_block":24,"minecraft:diamond":80,"minecraft:bone_meal":252,"minecraft:golden_apple":108,"minecraft:emerald":801,"minecraft:bread":408,"minecraft:oak_sapling":405,"minecraft:cherry_slab":70,"minecraft:diamond_pickaxe":5,"minecraft:crafting_table":5,"minecraft:clay_ball":72,"minecraft:stripped_cherry_log":4,"minecraft:red_bed":27,"minecraft:iron_axe":2,"minecraft:flint_and_steel":2,"minecraft:compass":5,"minecraft:iron_shovel":4,"minecraft:jungle_sapling":26,"minecraft:poppy":1,"minecraft:light_gray_wool":4,"minecraft:lectern":502,"minecraft:chest":2,"minecraft:birch_sapling":1,"minecraft:phantom_membrane":4,"minecraft:raw_iron":196,"minecraft:cherry_stairs":15,"minecraft:oak_door":2,"minecraft:cookie":163,"minecraft:cherry_fence_gate":1,"minecraft:stone_shovel":1,"minecraft:arrow":52,"minecraft:diamond_chestplate":5,"minecraft:diamond_boots":4,"minecraft:hay_block":14,"minecraft:mutton":106,"minecraft:bone_block":53,"minecraft:white_wool":47,"minecraft:clock":1,"minecraft:basalt":2,"minecraft:golden_carrot":112,"minecraft:salmon":4,"minecraft:leather":6,"minecraft:oak_log":395,"minecraft:yellow_bed":17,"minecraft:cobblestone_wall":2,"minecraft:gunpowder":6,"minecraft:cobblestone_stairs":1,"minecraft:cooked_mutton":17,"minecraft:apple":161,"minecraft:stone_bricks":167,"minecraft:oak_fence_gate":1,"minecraft:iron_ingot":15,"minecraft:stone_pickaxe":2,"minecraft:stripped_oak_wood":2,"minecraft:iron_sword":6,"minecraft:book":124,"minecraft:oak_slab":3,"minecraft:pink_bed":12,"minecraft:milk_bucket":1,"minecraft:stone_brick_slab":17,"minecraft:dandelion":2,"minecraft:dripstone_block":4,"minecraft:gravel":107,"minecraft:red_banner":12,"minecraft:spruce_sapling":8,"minecraft:white_bed":10,"minecraft:leather_helmet":1,"minecraft:diamond_shovel":5,"minecraft:stone_axe":2,"minecraft:diamond_axe":10,"minecraft:cherry_sapling":160,"minecraft:damaged_anvil":1,"minecraft:coal":184,"minecraft:sunflower":8,"minecraft:ender_pearl":21},"minecraft:mined":{"minecraft:white_bed":9,"minecraft:oak_sapling":1,"minecraft:pink_bed":9,"minecraft:cherry_log":135,"minecraft:cobblestone_stairs":1,"minecraft:brewing_stand":7,"minecraft:obsidian":20,"minecraft:grass_block":29,"minecraft:composter":40,"minecraft:iron_ore":24,"minecraft:fire":4,"minecraft:fletching_table":19,"minecraft:deepslate_lapis_ore":3,"minecraft:dirt_path":43,"minecraft:oak_stairs":1,"minecraft:red_bed":25,"minecraft:torch":3,"minecraft:chest":2,"minecraft:glass":9,"minecraft:cobblestone":34,"minecraft:oak_planks":22,"minecraft:damaged_anvil":1,"minecraft:cherry_slab":63,"minecraft:pink_petals":7,"minecraft:white_terracotta":1,"minecraft:cherry_fence":34,"minecraft:birch_log":1,"minecraft:wheat":21,"minecraft:stripped_oak_wood":2,"minecraft:stone_brick_stairs":135,"minecraft:oak_log":68,"minecraft:oak_fence_gate":1,"minecraft:sand":1,"minecraft:dirt":56,"minecraft:oak_leaves":1,"minecraft:deepslate":7,"minecraft:deepslate_diamond_ore":8,"minecraft:oak_door":2,"minecraft:cherry_sapling":3,"minecraft:stripped_cherry_log":1,"minecraft:jungle_planks":1,"minecraft:spruce_leaves":7,"minecraft:hay_block":14,"minecraft:spruce_sapling":8,"minecraft:furnace":2,"minecraft:jungle_sapling":11,"minecraft:bell":12,"minecraft:bookshelf":33,"minecraft:deepslate_iron_ore":1,"minecraft:vine":21,"minecraft:lantern":60,"minecraft:cherry_fence_gate":1,"minecraft:stone":73,"minecraft:cherry_stairs":15,"minecraft:bone_block":55,"minecraft:podzol":8,"minecraft:cherry_planks":538,"minecraft:basalt":3,"minecraft:stone_brick_slab":17,"minecraft:oak_fence":12,"minecraft:crafting_table":3,"minecraft:short_grass":37,"minecraft:lectern":491,"minecraft:tall_grass":12,"minecraft:deepslate_gold_ore":2,"minecraft:cobblestone_wall":2,"minecraft:yellow_bed":15,"minecraft:coal_ore":41,"minecraft:cherry_leaves":14,"minecraft:sunflower":4,"minecraft:gravel":115,"minecraft:dripstone_block":1,"minecraft:stone_bricks":182,"minecraft:gold_ore":5},"minecraft:custom":{"minecraft:animals_bred":6,"minecraft:interact_with_crafting_table":68,"minecraft:bell_ring":498,"minecraft:leave_game":24,"minecraft:time_since_death":160277,"minecraft:sprint_one_cm":1382941,"minecraft:drop":443,"minecraft:talked_to_villager":1064,"minecraft:play_time":592954,"minecraft:deaths":20,"minecraft:jump":10772,"minecraft:walk_on_water_one_cm":76374,"minecraft:interact_with_furnace":39,"minecraft:traded_with_villager":1282,"minecraft:sleep_in_bed":16,"minecraft:damage_dealt":10481,"minecraft:crouch_one_cm":217833,"minecraft:interact_with_smithing_table":3,"minecraft:mob_kills":54,"minecraft:interact_with_anvil":12,"minecraft:climb_one_cm":322,"minecraft:walk_one_cm":1068768,"minecraft:damage_dealt_absorbed":2,"minecraft:sneak_time":57464,"minecraft:walk_under_water_one_cm":89582,"minecraft:total_world_time":592954,"minecraft:interact_with_grindstone":3,"minecraft:time_since_rest":90496,"minecraft:damage_taken":9158,"minecraft:damage_absorbed":208,"minecraft:swim_one_cm":147534,"minecraft:fly_one_cm":2507522,"minecraft:open_chest":264,"minecraft:fall_one_cm":281654},"minecraft:dropped":{"minecraft:iron_sword":8,"minecraft:porkchop":5,"minecraft:diamond_axe":14,"minecraft:lapis_lazuli":12,"minecraft:oak_log":4,"minecraft:cooked_porkchop":1,"minecraft:cookie":756,"minecraft:lantern":24,"minecraft:leather":2,"minecraft:leather_helmet":1,"minecraft:emerald":54,"minecraft:flint":1,"minecraft:cobblestone_stairs":1,"minecraft:spruce_leaves":1095,"minecraft:dirt":49,"minecraft:red_bed":3,"minecraft:mutton":16,"minecraft:cherry_leaves":1343,"minecraft:jungle_sapling":27,"minecraft:bone_meal":166,"minecraft:sunflower":6,"minecraft:phantom_membrane":2,"minecraft:iron_pickaxe":2,"minecraft:stripped_oak_wood":1,"minecraft:birch_log":7,"minecraft:white_wool":1,"minecraft:gold_ingot":896,"minecraft:bone":21,"minecraft:oak_door":1,"minecraft:gravel":13,"minecraft:stone_axe":1,"minecraft:cherry_stairs":1,"minecraft:wheat":72,"minecraft:birch_sapling":1,"minecraft:cherry_sapling":579,"minecraft:rotten_flesh":11,"minecraft:diamond_shovel":2,"minecraft:chainmail_chestplate":12,"minecraft:poppy":1,"minecraft:leather_chestplate":1,"minecraft:gunpowder":6,"minecraft:glowstone":12,"minecraft:chainmail_boots":12,"minecraft:basalt":2,"minecraft:arrow":21,"minecraft:lectern":1,"minecraft:enchanted_book":8,"minecraft:iron_ingot":7,"minecraft:bread":1651,"minecraft:wheat_seeds":4,"minecraft:cherry_log":21,"minecraft:bookshelf":3,"minecraft:diamond_leggings":4,"minecraft:oak_fence":3,"minecraft:cobblestone":7,"minecraft:apple":256,"minecraft:coal":2,"minecraft:golden_apple":23,"minecraft:cherry_fence_gate":32,"minecraft:stick":256,"minecraft:golden_carrot":41,"minecraft:torch":5,"minecraft:cherry_planks":27,"minecraft:diamond_helmet":4,"minecraft:iron_leggings":9,"minecraft:oak_stairs":1,"minecraft:iron_axe":2,"minecraft:iron_shovel":1,"minecraft:string":1,"minecraft:pink_petals":21,"minecraft:bucket":1,"minecraft:dandelion":2,"minecraft:redstone":24,"minecraft:stone_sword":1,"minecraft:cobblestone_wall":2,"minecraft:raw_copper":7,"minecraft:raw_iron":7,"minecraft:stone_shovel":13,"minecraft:red_banner":24,"minecraft:clay_ball":48,"minecraft:cherry_slab":2,"minecraft:shears":10,"minecraft:suspicious_stew":36,"minecraft:diamond_sword":3,"minecraft:potato":3,"minecraft:diamond_chestplate":5,"minecraft:diamond_pickaxe":1,"minecraft:iron_chestplate":7,"minecraft:oak_sapling":408,"minecraft:stripped_cherry_log":1,"minecraft:diamond_boots":5,"minecraft:stone_pickaxe":1,"minecraft:bow":2,"minecraft:raw_gold":7,"minecraft:bell":22,"minecraft:terracotta":8},"minecraft:killed_by":{"minecraft:zombie":1,"minecraft:player":1,"minecraft:iron_golem":1,"minecraft:skeleton":10},"minecraft:used":{"minecraft:cherry_sapling":111,"minecraft:chest":12,"minecraft:white_terracotta":1,"minecraft:iron_sword":41,"minecraft:bell":12,"minecraft:jungle_planks":1,"minecraft:milk_bucket":1,"minecraft:obsidian":32,"minecraft:jungle_sapling":19,"minecraft:glass":9,"minecraft:lava_bucket":11,"minecraft:lantern":152,"minecraft:grass_block":56,"minecraft:stone_brick_stairs":232,"minecraft:stone_bricks":748,"minecraft:furnace":3,"minecraft:damaged_anvil":1,"minecraft:oak_planks":1,"minecraft:ender_pearl":5,"minecraft:composter":38,"minecraft:diamond_axe":1398,"minecraft:golden_apple":12,"minecraft:loom":1,"minecraft:blast_furnace":1,"minecraft:dripstone_block":2,"minecraft:bread":30,"minecraft:lectern":505,"minecraft:gravel":94,"minecraft:diamond_sword":77,"minecraft:grindstone":1,"minecraft:smithing_table":1,"minecraft:stripped_cherry_log":3,"minecraft:bone_meal":230,"minecraft:experience_bottle":100,"minecraft:stone_sword":2,"minecraft:flint_and_steel":3,"minecraft:oak_door":1,"minecraft:torch":50,"minecraft:brewing_stand":7,"minecraft:dirt":20,"minecraft:anvil":1,"minecraft:stone_brick_slab":23,"minecraft:wooden_axe":25,"minecraft:bookshelf":33,"minecraft:iron_axe":218,"minecraft:oak_stairs":1,"minecraft:cherry_slab":177,"minecraft:cherry_fence_gate":1,"minecraft:golden_carrot":48,"minecraft:cobbled_deepslate":7,"minecraft:cherry_fence":163,"minecraft:cherry_log":69,"minecraft:wheat_seeds":20,"minecraft:cooked_mutton":7,"minecraft:water_bucket":11,"minecraft:cherry_planks":1737,"minecraft:fletching_table":27,"minecraft:crafting_table":9,"minecraft:red_bed":59,"minecraft:white_bed":11,"minecraft:diamond_pickaxe":592,"minecraft:diamond_shovel":219,"minecraft:iron_pickaxe":121,"minecraft:spruce_sapling":8,"minecraft:stone_axe":1,"minecraft:pink_bed":21,"minecraft:cobblestone":7,"minecraft:cherry_stairs":27,"minecraft:cooked_porkchop":4,"minecraft:bucket":23,"minecraft:yellow_bed":13,"minecraft:dandelion":1},"minecraft:crafted":{"minecraft:oak_planks":1536,"minecraft:cherry_slab":612,"minecraft:loom":1,"minecraft:stone":57,"minecraft:diamond_shovel":4,"minecraft:bookshelf":58,"minecraft:suspicious_stew":30,"minecraft:glass":144,"minecraft:stone_brick_slab":6,"minecraft:diamond_helmet":3,"minecraft:diamond_leggings":3,"minecraft:chest":16,"minecraft:stone_bricks":44,"minecraft:cherry_fence":240,"minecraft:name_tag":3,"minecraft:emerald":333,"minecraft:cooked_porkchop":4,"minecraft:diamond_axe":10,"minecraft:crafting_table":9,"minecraft:smithing_table":1,"minecraft:chainmail_chestplate":12,"minecraft:clock":1,"minecraft:fletching_table":4,"minecraft:apple":128,"minecraft:stone_brick_stairs":16,"minecraft:iron_chestplate":7,"minecraft:diamond_pickaxe":4,"minecraft:stick":10304,"minecraft:iron_ingot":15,"minecraft:compass":5,"minecraft:iron_pickaxe":4,"minecraft:shears":10,"minecraft:golden_carrot":171,"minecraft:cherry_planks":1500,"minecraft:cookie":594,"minecraft:redstone":24,"minecraft:stone_shovel":12,"minecraft:experience_bottle":8,"minecraft:furnace":1,"minecraft:red_banner":12,"minecraft:bone_meal":585,"minecraft:stone_stairs":16,"minecraft:flint_and_steel":1,"minecraft:lantern":132,"minecraft:iron_axe":3,"minecraft:cherry_stairs":36,"minecraft:ender_pearl":12,"minecraft:diamond_boots":4,"minecraft:spruce_sapling":8,"minecraft:cherry_fence_gate":32,"minecraft:wheat":126,"minecraft:diamond_sword":2,"minecraft:iron_sword":4,"minecraft:bell":21,"minecraft:light_blue_wool":16,"minecraft:red_bed":40,"minecraft:bucket":1,"minecraft:glowstone":12,"minecraft:enchanted_book":54,"minecraft:bread":1578,"minecraft:air":0,"minecraft:jungle_planks":3844,"minecraft:chainmail_boots":12,"minecraft:wooden_axe":1,"minecraft:iron_shovel":1,"minecraft:iron_leggings":9,"minecraft:white_bed":2,"minecraft:torch":84,"minecraft:lapis_lazuli":12,"minecraft:diamond_chestplate":4},"minecraft:killed":{"minecraft:zombified_piglin":1,"minecraft:spider":4,"minecraft:skeleton":16,"minecraft:pig":7,"minecraft:iron_golem":2,"minecraft:creeper":6,"minecraft:sheep":11,"minecraft:zombie":5,"minecraft:cow":1,"minecraft:phantom":1}},"DataVersion":3955}