{"stats":{"minecraft:custom":{"minecraft:mob_kills":15,"minecraft:interact_with_crafting_table":18,"minecraft:bell_ring":155,"minecraft:leave_game":2,"minecraft:time_since_death":41525,"minecraft:climb_one_cm":180,"minecraft:sprint_one_cm":303401,"minecraft:walk_one_cm":118149,"minecraft:drop":36,"minecraft:talked_to_villager":12,"minecraft:play_time":86295,"minecraft:deaths":15,"minecraft:sneak_time":6781,"minecraft:walk_under_water_one_cm":4956,"minecraft:jump":2469,"minecraft:walk_on_water_one_cm":10173,"minecraft:total_world_time":86295,"minecraft:interact_with_furnace":15,"minecraft:sleep_in_bed":5,"minecraft:time_since_rest":18918,"minecraft:damage_taken":4813,"minecraft:damage_dealt":4159,"minecraft:swim_one_cm":11159,"minecraft:fly_one_cm":585918,"minecraft:open_chest":2,"minecraft:crouch_one_cm":30701,"minecraft:fall_one_cm":83336},"minecraft:used":{"minecraft:stone_sword":2,"minecraft:iron_sword":20,"minecraft:bell":7,"minecraft:oak_door":1,"minecraft:torch":50,"minecraft:brewing_stand":2,"minecraft:dirt":1,"minecraft:wooden_axe":25,"minecraft:iron_axe":216,"minecraft:cherry_slab":5,"minecraft:furnace":1,"minecraft:cobbled_deepslate":7,"minecraft:cooked_mutton":1,"minecraft:cherry_planks":464,"minecraft:composter":3,"minecraft:diamond_axe":1,"minecraft:fletching_table":1,"minecraft:crafting_table":4,"minecraft:white_bed":11,"minecraft:dripstone_block":2,"minecraft:diamond_pickaxe":2,"minecraft:bread":23,"minecraft:iron_pickaxe":121,"minecraft:stone_axe":1,"minecraft:cobblestone":7,"minecraft:cooked_porkchop":4,"minecraft:yellow_bed":13},"minecraft:killed_by":{"minecraft:player":1,"minecraft:skeleton":10,"minecraft:zombie":1},"minecraft:dropped":{"minecraft:bread":20,"minecraft:wheat_seeds":3,"minecraft:cooked_porkchop":1,"minecraft:oak_fence":3,"minecraft:cobblestone":2,"minecraft:cobblestone_stairs":1,"minecraft:dirt":1,"minecraft:mutton":10,"minecraft:sunflower":3,"minecraft:iron_axe":2,"minecraft:stripped_oak_wood":1,"minecraft:pink_petals":2,"minecraft:white_wool":1,"minecraft:bone":4,"minecraft:oak_door":1,"minecraft:stone_axe":1,"minecraft:stone_sword":1,"minecraft:cobblestone_wall":2,"minecraft:raw_copper":7,"minecraft:wheat":62,"minecraft:raw_iron":7,"minecraft:cherry_sapling":1,"minecraft:clay_ball":48,"minecraft:poppy":1,"minecraft:leather_chestplate":1,"minecraft:bow":1,"minecraft:stone_pickaxe":1},"minecraft:picked_up":{"minecraft:wooden_axe":3,"minecraft:crafting_table":3,"minecraft:wheat":62,"minecraft:clay_ball":72,"minecraft:brewing_stand":2,"minecraft:raw_copper":14,"minecraft:iron_axe":2,"minecraft:iron_shovel":3,"minecraft:cobbled_deepslate":13,"minecraft:poppy":1,"minecraft:iron_pickaxe":9,"minecraft:furnace":2,"minecraft:raw_iron":196,"minecraft:stick":83,"minecraft:oak_door":2,"minecraft:composter":5,"minecraft:oak_fence":3,"minecraft:torch":112,"minecraft:porkchop":14,"minecraft:cherry_log":95,"minecraft:pointed_dripstone":5,"minecraft:diorite":5,"minecraft:stone_sword":3,"minecraft:arrow":19,"minecraft:hay_block":14,"minecraft:mutton":100,"minecraft:cobblestone":53,"minecraft:white_wool":43,"minecraft:pink_petals":2,"minecraft:leather_chestplate":2,"minecraft:cherry_planks":456,"minecraft:leather":6,"minecraft:oak_log":68,"minecraft:yellow_bed":15,"minecraft:cobblestone_stairs":1,"minecraft:cobblestone_wall":2,"minecraft:lapis_lazuli":207,"minecraft:dirt":3,"minecraft:bone":10,"minecraft:bow":1,"minecraft:wheat_seeds":4,"minecraft:raw_gold":70,"minecraft:bell":7,"minecraft:iron_ingot":12,"minecraft:stone_pickaxe":2,"minecraft:stripped_oak_wood":1,"minecraft:fletching_table":1,"minecraft:iron_sword":1,"minecraft:cooked_porkchop":2,"minecraft:dripstone_block":4,"minecraft:white_bed":10,"minecraft:stone_axe":2,"minecraft:diamond":80,"minecraft:cherry_sapling":93,"minecraft:bread":306,"minecraft:cherry_slab":2,"minecraft:coal":158,"minecraft:sunflower":6},"minecraft:killed":{"minecraft:skeleton":4,"minecraft:pig":1,"minecraft:iron_golem":2,"minecraft:creeper":1,"minecraft:sheep":7},"minecraft:mined":{"minecraft:white_bed":9,"minecraft:deepslate_diamond_ore":8,"minecraft:oak_door":2,"minecraft:cherry_log":95,"minecraft:cobblestone_stairs":1,"minecraft:brewing_stand":2,"minecraft:grass_block":1,"minecraft:composter":5,"minecraft:hay_block":14,"minecraft:furnace":1,"minecraft:iron_ore":24,"minecraft:fire":1,"minecraft:deepslate_lapis_ore":3,"minecraft:fletching_table":1,"minecraft:bell":7,"minecraft:dirt_path":1,"minecraft:deepslate_iron_ore":1,"minecraft:stone":11,"minecraft:cherry_planks":25,"minecraft:crafting_table":2,"minecraft:oak_fence":3,"minecraft:torch":3,"minecraft:short_grass":13,"minecraft:cobblestone":2,"minecraft:tall_grass":5,"minecraft:deepslate_gold_ore":2,"minecraft:cherry_slab":3,"minecraft:pink_petals":1,"minecraft:cobblestone_wall":2,"minecraft:wheat":1,"minecraft:stripped_oak_wood":1,"minecraft:yellow_bed":14,"minecraft:oak_log":68,"minecraft:coal_ore":35,"minecraft:cherry_leaves":12,"minecraft:sunflower":1,"minecraft:dripstone_block":1,"minecraft:gold_ore":5,"minecraft:oak_leaves":1,"minecraft:deepslate":7},"minecraft:crafted":{"minecraft:cherry_planks":380,"minecraft:cherry_slab":6,"minecraft:iron_axe":3,"minecraft:wheat":126,"minecraft:cooked_porkchop":4,"minecraft:diamond_axe":1,"minecraft:crafting_table":4,"minecraft:iron_sword":1,"minecraft:bread":42,"minecraft:air":0,"minecraft:diamond_pickaxe":1,"minecraft:stick":40,"minecraft:iron_ingot":15,"minecraft:iron_pickaxe":1,"minecraft:wooden_axe":1,"minecraft:iron_shovel":1,"minecraft:white_bed":2,"minecraft:torch":84}},"DataVersion":3955}