{"stats":{"minecraft:mined":{"minecraft:white_bed":9,"minecraft:oak_sapling":1,"minecraft:pink_bed":9,"minecraft:cherry_log":154,"minecraft:cobblestone_stairs":6,"minecraft:brewing_stand":7,"minecraft:obsidian":20,"minecraft:grass_block":87,"minecraft:composter":40,"minecraft:iron_ore":24,"minecraft:fire":8,"minecraft:fletching_table":19,"minecraft:deepslate_lapis_ore":3,"minecraft:dirt_path":47,"minecraft:oak_stairs":1,"minecraft:red_bed":27,"minecraft:torch":3,"minecraft:chest":2,"minecraft:white_stained_glass_pane":10,"minecraft:glass":9,"minecraft:cobblestone":144,"minecraft:oak_planks":22,"minecraft:damaged_anvil":1,"minecraft:cherry_slab":63,"minecraft:pink_petals":8,"minecraft:white_terracotta":1,"minecraft:cherry_fence":35,"minecraft:birch_log":4,"minecraft:wheat":21,"minecraft:lilac":5,"minecraft:stripped_oak_wood":2,"minecraft:stone_brick_stairs":135,"minecraft:yellow_stained_glass_pane":9,"minecraft:oak_log":73,"minecraft:oak_fence_gate":1,"minecraft:sand":1,"minecraft:dirt":200,"minecraft:oak_leaves":5,"minecraft:deepslate":7,"minecraft:mossy_cobblestone":10,"minecraft:deepslate_diamond_ore":8,"minecraft:oak_door":3,"minecraft:cherry_sapling":4,"minecraft:stripped_cherry_log":1,"minecraft:jungle_planks":1,"minecraft:spruce_leaves":7,"minecraft:hay_block":14,"minecraft:spruce_sapling":8,"minecraft:furnace":2,"minecraft:jungle_sapling":11,"minecraft:bell":12,"minecraft:bookshelf":37,"minecraft:cobblestone_slab":1,"minecraft:deepslate_iron_ore":1,"minecraft:vine":21,"minecraft:lantern":62,"minecraft:stone":370,"minecraft:cherry_fence_gate":1,"minecraft:cherry_stairs":19,"minecraft:bone_block":55,"minecraft:podzol":8,"minecraft:cherry_planks":640,"minecraft:basalt":3,"minecraft:stone_brick_slab":17,"minecraft:oak_fence":12,"minecraft:crafting_table":13,"minecraft:short_grass":67,"minecraft:lectern":492,"minecraft:copper_ore":4,"minecraft:tall_grass":15,"minecraft:deepslate_gold_ore":2,"minecraft:cobblestone_wall":3,"minecraft:yellow_bed":16,"minecraft:coal_ore":41,"minecraft:cherry_leaves":14,"minecraft:sunflower":4,"minecraft:gravel":129,"minecraft:dripstone_block":1,"minecraft:stone_bricks":182,"minecraft:gold_ore":5},"minecraft:used":{"minecraft:cherry_sapling":112,"minecraft:ladder":1,"minecraft:chest":13,"minecraft:shield":6,"minecraft:white_terracotta":1,"minecraft:iron_sword":41,"minecraft:bell":12,"minecraft:jungle_planks":1,"minecraft:milk_bucket":1,"minecraft:obsidian":32,"minecraft:jungle_sapling":19,"minecraft:glass":9,"minecraft:lava_bucket":13,"minecraft:lantern":162,"minecraft:grass_block":99,"minecraft:stone_brick_stairs":232,"minecraft:stone_bricks":748,"minecraft:furnace":3,"minecraft:damaged_anvil":1,"minecraft:diamond_boots":1,"minecraft:oak_planks":1,"minecraft:ender_pearl":5,"minecraft:composter":38,"minecraft:diamond_axe":1612,"minecraft:golden_apple":23,"minecraft:loom":1,"minecraft:blast_furnace":1,"minecraft:dripstone_block":2,"minecraft:bread":30,"minecraft:lectern":506,"minecraft:gravel":94,"minecraft:diamond_sword":175,"minecraft:grindstone":1,"minecraft:smithing_table":1,"minecraft:stripped_cherry_log":3,"minecraft:bone_meal":230,"minecraft:experience_bottle":100,"minecraft:stone_sword":2,"minecraft:flint_and_steel":50,"minecraft:oak_door":1,"minecraft:torch":50,"minecraft:brewing_stand":7,"minecraft:dirt":48,"minecraft:anvil":2,"minecraft:diamond_helmet":2,"minecraft:stone_brick_slab":23,"minecraft:wooden_axe":25,"minecraft:bookshelf":37,"minecraft:iron_axe":218,"minecraft:oak_stairs":1,"minecraft:cherry_slab":177,"minecraft:cherry_fence_gate":1,"minecraft:diamond_chestplate":2,"minecraft:golden_carrot":72,"minecraft:cobbled_deepslate":7,"minecraft:cherry_fence":163,"minecraft:cherry_log":69,"minecraft:wheat_seeds":20,"minecraft:cooked_mutton":7,"minecraft:water_bucket":11,"minecraft:cherry_planks":2069,"minecraft:fletching_table":27,"minecraft:crafting_table":19,"minecraft:red_bed":67,"minecraft:white_bed":11,"minecraft:diamond_pickaxe":1035,"minecraft:diamond_shovel":426,"minecraft:iron_pickaxe":121,"minecraft:spruce_sapling":8,"minecraft:stone_axe":1,"minecraft:pink_petals":1,"minecraft:pink_bed":21,"minecraft:cobblestone":9,"minecraft:cherry_stairs":121,"minecraft:cooked_porkchop":4,"minecraft:bucket":25,"minecraft:yellow_bed":13,"minecraft:dandelion":1,"minecraft:diamond_leggings":2},"minecraft:crafted":{"minecraft:oak_planks":1536,"minecraft:cherry_slab":612,"minecraft:loom":1,"minecraft:stone":57,"minecraft:diamond_shovel":4,"minecraft:bookshelf":62,"minecraft:suspicious_stew":30,"minecraft:glass":144,"minecraft:stone_brick_slab":6,"minecraft:diamond_helmet":3,"minecraft:diamond_leggings":3,"minecraft:chest":17,"minecraft:stone_bricks":44,"minecraft:cherry_fence":240,"minecraft:name_tag":3,"minecraft:emerald":333,"minecraft:cooked_porkchop":4,"minecraft:diamond_axe":10,"minecraft:crafting_table":9,"minecraft:smithing_table":1,"minecraft:chainmail_chestplate":12,"minecraft:clock":1,"minecraft:fletching_table":4,"minecraft:apple":128,"minecraft:stone_brick_stairs":16,"minecraft:iron_chestplate":7,"minecraft:diamond_pickaxe":4,"minecraft:stick":10304,"minecraft:iron_ingot":15,"minecraft:compass":5,"minecraft:iron_pickaxe":4,"minecraft:shears":10,"minecraft:golden_carrot":171,"minecraft:cherry_planks":1520,"minecraft:cookie":594,"minecraft:redstone":24,"minecraft:stone_shovel":12,"minecraft:experience_bottle":8,"minecraft:furnace":1,"minecraft:red_banner":12,"minecraft:bone_meal":585,"minecraft:stone_stairs":16,"minecraft:flint_and_steel":1,"minecraft:lantern":132,"minecraft:iron_axe":3,"minecraft:ender_pearl":12,"minecraft:cherry_stairs":136,"minecraft:diamond_boots":4,"minecraft:spruce_sapling":8,"minecraft:cherry_fence_gate":32,"minecraft:wheat":126,"minecraft:diamond_sword":2,"minecraft:iron_sword":4,"minecraft:bell":21,"minecraft:light_blue_wool":16,"minecraft:red_bed":40,"minecraft:bucket":1,"minecraft:glowstone":12,"minecraft:enchanted_book":60,"minecraft:bread":1578,"minecraft:air":0,"minecraft:jungle_planks":3844,"minecraft:chainmail_boots":12,"minecraft:wooden_axe":1,"minecraft:iron_shovel":1,"minecraft:iron_leggings":9,"minecraft:white_bed":2,"minecraft:torch":84,"minecraft:lapis_lazuli":12,"minecraft:diamond_chestplate":4},"minecraft:picked_up":{"minecraft:wooden_axe":3,"minecraft:wheat":81,"minecraft:anvil":1,"minecraft:suspicious_stew":6,"minecraft:lead":14,"minecraft:diamond_sword":11,"minecraft:oak_stairs":7,"minecraft:enchanted_book":21,"minecraft:stone_brick_stairs":133,"minecraft:brewing_stand":7,"minecraft:string":9,"minecraft:raw_copper":45,"minecraft:diamond_leggings":10,"minecraft:gold_nugget":1,"minecraft:cobbled_deepslate":13,"minecraft:cobblestone_slab":2,"minecraft:iron_pickaxe":9,"minecraft:furnace":3,"minecraft:stick":422,"minecraft:composter":40,"minecraft:oak_fence":11,"minecraft:torch":135,"minecraft:porkchop":24,"minecraft:cherry_log":1542,"minecraft:pointed_dripstone":5,"minecraft:diorite":5,"minecraft:cyan_stained_glass_pane":64,"minecraft:cauldron":1,"minecraft:stone_sword":3,"minecraft:rotten_flesh":41,"minecraft:bookshelf":40,"minecraft:white_terracotta":1,"minecraft:obsidian":20,"minecraft:cobblestone":575,"minecraft:birch_log":10,"minecraft:pink_petals":24,"minecraft:leather_chestplate":2,"minecraft:lilac":2,"minecraft:cherry_planks":1405,"minecraft:cherry_leaves":831,"minecraft:jungle_log":108,"minecraft:potato":6,"minecraft:flint":19,"minecraft:cherry_fence":36,"minecraft:lapis_lazuli":207,"minecraft:dirt":384,"minecraft:lantern":108,"minecraft:name_tag":3,"minecraft:glass":152,"minecraft:bone":34,"minecraft:bow":2,"minecraft:wheat_seeds":67,"minecraft:raw_gold":70,"minecraft:bell":13,"minecraft:grindstone":1,"minecraft:diamond_helmet":11,"minecraft:fletching_table":19,"minecraft:oak_planks":251,"minecraft:cooked_porkchop":2,"minecraft:sand":1,"minecraft:grass_block":24,"minecraft:mossy_cobblestone":13,"minecraft:diamond":80,"minecraft:bone_meal":252,"minecraft:golden_apple":192,"minecraft:emerald":801,"minecraft:bread":472,"minecraft:oak_sapling":405,"minecraft:cherry_slab":70,"minecraft:diamond_pickaxe":10,"minecraft:crafting_table":15,"minecraft:ladder":8,"minecraft:clay_ball":72,"minecraft:stripped_cherry_log":4,"minecraft:red_bed":29,"minecraft:iron_axe":2,"minecraft:flint_and_steel":3,"minecraft:compass":5,"minecraft:iron_shovel":4,"minecraft:beef":3,"minecraft:jungle_sapling":26,"minecraft:poppy":1,"minecraft:light_gray_wool":6,"minecraft:lectern":503,"minecraft:chest":2,"minecraft:birch_sapling":1,"minecraft:cherry_trapdoor":1,"minecraft:phantom_membrane":4,"minecraft:raw_iron":196,"minecraft:cherry_stairs":19,"minecraft:oak_door":3,"minecraft:cookie":163,"minecraft:cherry_fence_gate":1,"minecraft:stone_shovel":1,"minecraft:arrow":58,"minecraft:diamond_chestplate":11,"minecraft:diamond_boots":10,"minecraft:hay_block":14,"minecraft:mutton":111,"minecraft:bone_block":53,"minecraft:white_wool":47,"minecraft:clock":1,"minecraft:basalt":2,"minecraft:golden_carrot":254,"minecraft:salmon":4,"minecraft:leather":6,"minecraft:oak_log":397,"minecraft:golden_boots":1,"minecraft:yellow_bed":17,"minecraft:gunpowder":6,"minecraft:cobblestone_wall":3,"minecraft:cobblestone_stairs":9,"minecraft:cooked_mutton":17,"minecraft:apple":161,"minecraft:stone_bricks":167,"minecraft:oak_fence_gate":1,"minecraft:iron_ingot":17,"minecraft:stone_pickaxe":2,"minecraft:stripped_oak_wood":2,"minecraft:iron_sword":6,"minecraft:book":136,"minecraft:oak_slab":3,"minecraft:pink_bed":12,"minecraft:milk_bucket":2,"minecraft:stone_brick_slab":17,"minecraft:dandelion":2,"minecraft:dripstone_block":4,"minecraft:gravel":112,"minecraft:lava_bucket":5,"minecraft:spruce_sapling":8,"minecraft:red_banner":12,"minecraft:white_bed":10,"minecraft:spider_eye":7,"minecraft:leather_helmet":1,"minecraft:diamond_shovel":10,"minecraft:stone_axe":2,"minecraft:diamond_axe":12,"minecraft:cherry_sapling":162,"minecraft:damaged_anvil":1,"minecraft:coal":184,"minecraft:ender_pearl":21,"minecraft:sunflower":8},"minecraft:killed_by":{"minecraft:zombie":1,"minecraft:player":2,"minecraft:iron_golem":1,"minecraft:skeleton":10},"minecraft:custom":{"minecraft:animals_bred":6,"minecraft:interact_with_crafting_table":73,"minecraft:bell_ring":498,"minecraft:leave_game":36,"minecraft:time_since_death":27140,"minecraft:sprint_one_cm":1738224,"minecraft:damage_blocked_by_shield":765,"minecraft:drop":585,"minecraft:talked_to_villager":1110,"minecraft:play_time":757929,"minecraft:deaths":33,"minecraft:jump":13654,"minecraft:walk_on_water_one_cm":93616,"minecraft:interact_with_furnace":40,"minecraft:traded_with_villager":1292,"minecraft:sleep_in_bed":21,"minecraft:damage_dealt":16032,"minecraft:player_kills":5,"minecraft:crouch_one_cm":230322,"minecraft:interact_with_smithing_table":3,"minecraft:mob_kills":83,"minecraft:interact_with_anvil":18,"minecraft:climb_one_cm":2611,"minecraft:walk_one_cm":1315473,"minecraft:damage_dealt_absorbed":322,"minecraft:sneak_time":61784,"minecraft:walk_under_water_one_cm":114093,"minecraft:total_world_time":757929,"minecraft:interact_with_grindstone":3,"minecraft:time_since_rest":23741,"minecraft:damage_taken":11260,"minecraft:damage_absorbed":500,"minecraft:swim_one_cm":195787,"minecraft:fly_one_cm":3245754,"minecraft:open_chest":337,"minecraft:fall_one_cm":330424},"minecraft:killed":{"minecraft:zombified_piglin":1,"minecraft:spider":6,"minecraft:skeleton":18,"minecraft:pig":7,"minecraft:iron_golem":2,"minecraft:creeper":6,"minecraft:sheep":14,"minecraft:zombie":22,"minecraft:cow":2,"minecraft:phantom":1,"minecraft:drowned":4},"minecraft:dropped":{"minecraft:iron_sword":8,"minecraft:porkchop":5,"minecraft:diamond_axe":15,"minecraft:lapis_lazuli":12,"minecraft:oak_log":68,"minecraft:cooked_porkchop":1,"minecraft:cookie":756,"minecraft:lantern":26,"minecraft:leather":2,"minecraft:leather_helmet":1,"minecraft:emerald":55,"minecraft:cobblestone_stairs":9,"minecraft:flint":10,"minecraft:spruce_leaves":1095,"minecraft:dirt":271,"minecraft:red_bed":3,"minecraft:cherry_trapdoor":1,"minecraft:mutton":21,"minecraft:cherry_leaves":2207,"minecraft:jungle_sapling":27,"minecraft:bone_meal":166,"minecraft:sunflower":6,"minecraft:phantom_membrane":2,"minecraft:iron_pickaxe":2,"minecraft:stripped_oak_wood":1,"minecraft:birch_log":7,"minecraft:white_wool":1,"minecraft:cauldron":1,"minecraft:gold_ingot":896,"minecraft:bone":28,"minecraft:oak_door":2,"minecraft:gravel":18,"minecraft:stone_axe":1,"minecraft:cherry_stairs":1,"minecraft:wheat":75,"minecraft:birch_sapling":36,"minecraft:cherry_sapling":679,"minecraft:rotten_flesh":29,"minecraft:diamond_shovel":3,"minecraft:chainmail_chestplate":12,"minecraft:poppy":1,"minecraft:oak_fence_gate":1,"minecraft:leather_chestplate":1,"minecraft:gunpowder":6,"minecraft:glowstone":12,"minecraft:chainmail_boots":12,"minecraft:ladder":5,"minecraft:basalt":2,"minecraft:arrow":34,"minecraft:beef":3,"minecraft:stone_brick_stairs":64,"minecraft:cherry_fence":2,"minecraft:lectern":1,"minecraft:enchanted_book":8,"minecraft:iron_ingot":9,"minecraft:bread":2739,"minecraft:wheat_seeds":49,"minecraft:cherry_log":21,"minecraft:lilac":2,"minecraft:mossy_cobblestone":13,"minecraft:bookshelf":3,"minecraft:diamond_leggings":5,"minecraft:oak_fence":8,"minecraft:cobblestone":433,"minecraft:apple":256,"minecraft:grass_block":1,"minecraft:coal":2,"minecraft:golden_apple":34,"minecraft:cherry_fence_gate":32,"minecraft:stick":320,"minecraft:milk_bucket":1,"minecraft:golden_carrot":41,"minecraft:torch":12,"minecraft:cherry_planks":29,"minecraft:diamond_helmet":5,"minecraft:iron_leggings":9,"minecraft:oak_stairs":1,"minecraft:iron_axe":2,"minecraft:iron_shovel":1,"minecraft:string":8,"minecraft:pink_petals":23,"minecraft:bucket":1,"minecraft:dandelion":2,"minecraft:redstone":24,"minecraft:stone_sword":1,"minecraft:cobblestone_wall":3,"minecraft:raw_copper":38,"minecraft:raw_iron":7,"minecraft:stone_shovel":13,"minecraft:red_banner":24,"minecraft:clay_ball":48,"minecraft:light_gray_wool":6,"minecraft:cyan_stained_glass_pane":64,"minecraft:cherry_slab":2,"minecraft:shears":10,"minecraft:suspicious_stew":36,"minecraft:diamond_sword":4,"minecraft:potato":5,"minecraft:cobblestone_slab":2,"minecraft:diamond_chestplate":6,"minecraft:diamond_pickaxe":1,"minecraft:iron_chestplate":7,"minecraft:oak_sapling":601,"minecraft:stripped_cherry_log":1,"minecraft:stone_bricks":113,"minecraft:spider_eye":7,"minecraft:diamond_boots":6,"minecraft:stone_pickaxe":1,"minecraft:bow":2,"minecraft:raw_gold":7,"minecraft:bell":22,"minecraft:terracotta":8}},"DataVersion":3955}